    .section .rodata

	.byte 0x0c, 0x00, 0x00, 0x00, 0x02, 0x00, 0x00, 0x00, 0x00, 0x00, 0x00, 0x00, 0x00, 0x00, 0x00, 0x00 @ 080A8EA0
	.byte 0x0b, 0x00, 0x00, 0x00, 0x02, 0x00, 0x00, 0x00, 0x00, 0x00, 0x00, 0x00, 0x00, 0x00, 0x00, 0x00 @ 080A8EB0
	.byte 0x0d, 0x00, 0x00, 0x00, 0x00, 0x00, 0x00, 0x00, 0xf4, 0x00, 0x00, 0x00, 0x24, 0x00, 0x00, 0x00 @ 080A8EC0
	.byte 0x0a, 0x00, 0x00, 0x00, 0x00, 0x00, 0x00, 0x00, 0x6b, 0x04, 0x00, 0x00, 0x00, 0x00, 0x00, 0x00 @ 080A8ED0
	.byte 0x0d, 0x00, 0x00, 0x00, 0x01, 0x00, 0x00, 0x00, 0x2c, 0x01, 0x00, 0x00, 0x2c, 0x00, 0x00, 0x00 @ 080A8EE0
	.byte 0x0a, 0x00, 0x00, 0x00, 0x01, 0x00, 0x00, 0x00, 0x6e, 0x04, 0x00, 0x00, 0x01, 0x00, 0x00, 0x00 @ 080A8EF0
	.byte 0x01, 0x00, 0x00, 0x00, 0x01, 0x00, 0x00, 0x00, 0x24, 0x00, 0x00, 0x00, 0x00, 0x00, 0x00, 0x00 @ 080A8F00
	.byte 0x01, 0x00, 0x00, 0x00, 0x00, 0x00, 0x00, 0x00, 0x18, 0x00, 0x00, 0x00, 0x00, 0x00, 0x00, 0x00 @ 080A8F10
	.byte 0x0e, 0x00, 0x00, 0x00, 0x01, 0x00, 0x00, 0x00, 0x00, 0x00, 0x00, 0x00, 0x00, 0x00, 0x00, 0x00 @ 080A8F20
	.byte 0x0f, 0x00, 0x00, 0x00, 0x01, 0x00, 0x00, 0x00, 0x00, 0x00, 0x00, 0x00, 0x00, 0x00, 0x00, 0x00 @ 080A8F30
	.byte 0x0e, 0x00, 0x00, 0x00, 0x00, 0x00, 0x00, 0x00, 0x00, 0x00, 0x00, 0x00, 0x00, 0x00, 0x00, 0x00 @ 080A8F40
	.byte 0x0b, 0x00, 0x00, 0x00, 0x03, 0x00, 0x00, 0x00, 0x00, 0x00, 0x00, 0x00, 0x00, 0x00, 0x00, 0x00 @ 080A8F50
	.byte 0x05, 0x00, 0x00, 0x00, 0xd8, 0x00, 0x00, 0x00, 0x22, 0x00, 0x00, 0x00, 0x01, 0x00, 0x00, 0x00 @ 080A8F60
	.byte 0x0f, 0x00, 0x00, 0x00, 0x01, 0x00, 0x00, 0x00, 0x01, 0x00, 0x00, 0x00, 0x00, 0x00, 0x00, 0x00 @ 080A8F70
	.byte 0x0e, 0x00, 0x00, 0x00, 0x00, 0x00, 0x00, 0x00, 0x00, 0x00, 0x00, 0x00, 0x00, 0x00, 0x00, 0x00 @ 080A8F80
	.byte 0x07, 0x00, 0x00, 0x00, 0x00, 0x00, 0x00, 0x00, 0x00, 0x00, 0x00, 0x00, 0x00, 0x00, 0x00, 0x00 @ 080A8F90
	.byte 0x0f, 0x00, 0x00, 0x00, 0x01, 0x00, 0x00, 0x00, 0x02, 0x00, 0x00, 0x00, 0x00, 0x00, 0x00, 0x00 @ 080A8FA0
	.byte 0x0e, 0x00, 0x00, 0x00, 0x00, 0x00, 0x00, 0x00, 0x00, 0x00, 0x00, 0x00, 0x00, 0x00, 0x00, 0x00 @ 080A8FB0
	.byte 0x0b, 0x00, 0x00, 0x00, 0x05, 0x00, 0x00, 0x00, 0x00, 0x00, 0x00, 0x00, 0x00, 0x00, 0x00, 0x00 @ 080A8FC0
	.byte 0x09, 0x00, 0x00, 0x00, 0x00, 0x00, 0x00, 0x00, 0x00, 0x00, 0x00, 0x00, 0x00, 0x00, 0x00, 0x00 @ 080A8FD0
	.byte 0x0b, 0x00, 0x00, 0x00, 0x06, 0x00, 0x00, 0x00, 0x00, 0x00, 0x00, 0x00, 0x00, 0x00, 0x00, 0x00 @ 080A8FE0
	.byte 0x10, 0x00, 0x00, 0x00, 0x01, 0x00, 0x00, 0x00, 0x03, 0x00, 0x00, 0x00, 0x00, 0x00, 0x00, 0x00 @ 080A8FF0
	.byte 0x0e, 0x00, 0x00, 0x00, 0x00, 0x00, 0x00, 0x00, 0x00, 0x00, 0x00, 0x00, 0x00, 0x00, 0x00, 0x00 @ 080A9000
	.byte 0x02, 0x00, 0x00, 0x00, 0x00, 0x00, 0x00, 0x00, 0x14, 0x00, 0x00, 0x00, 0x00, 0x00, 0x00, 0x00 @ 080A9010
	.byte 0x02, 0x00, 0x00, 0x00, 0x01, 0x00, 0x00, 0x00, 0x24, 0x00, 0x00, 0x00, 0x00, 0x00, 0x00, 0x00 @ 080A9020
	.byte 0x0e, 0x00, 0x00, 0x00, 0x00, 0x00, 0x00, 0x00, 0x00, 0x00, 0x00, 0x00, 0x00, 0x00, 0x00, 0x00 @ 080A9030
	.byte 0x00, 0x00, 0x00, 0x00, 0x00, 0x00, 0x00, 0x00, 0x00, 0x00, 0x00, 0x00, 0x00, 0x00, 0x00, 0x00 @ 080A9040
	.byte 0x0c, 0x00, 0x00, 0x00, 0x02, 0x00, 0x00, 0x00, 0x00, 0x00, 0x00, 0x00, 0x00, 0x00, 0x00, 0x00 @ 080A9050
	.byte 0x0b, 0x00, 0x00, 0x00, 0x02, 0x00, 0x00, 0x00, 0x00, 0x00, 0x00, 0x00, 0x00, 0x00, 0x00, 0x00 @ 080A9060
	.byte 0x0d, 0x00, 0x00, 0x00, 0x00, 0x00, 0x00, 0x00, 0xf4, 0x00, 0x00, 0x00, 0x3c, 0x00, 0x00, 0x00 @ 080A9070
	.byte 0x0a, 0x00, 0x00, 0x00, 0x00, 0x00, 0x00, 0x00, 0x6a, 0x04, 0x00, 0x00, 0x00, 0x00, 0x00, 0x00 @ 080A9080
	.byte 0x0d, 0x00, 0x00, 0x00, 0x01, 0x00, 0x00, 0x00, 0x2c, 0x01, 0x00, 0x00, 0x44, 0x00, 0x00, 0x00 @ 080A9090
	.byte 0x0a, 0x00, 0x00, 0x00, 0x01, 0x00, 0x00, 0x00, 0x6e, 0x04, 0x00, 0x00, 0x01, 0x00, 0x00, 0x00 @ 080A90A0
	.byte 0x01, 0x00, 0x00, 0x00, 0x01, 0x00, 0x00, 0x00, 0x24, 0x00, 0x00, 0x00, 0x00, 0x00, 0x00, 0x00 @ 080A90B0
	.byte 0x01, 0x00, 0x00, 0x00, 0x00, 0x00, 0x00, 0x00, 0x18, 0x00, 0x00, 0x00, 0x00, 0x00, 0x00, 0x00 @ 080A90C0
	.byte 0x0e, 0x00, 0x00, 0x00, 0x01, 0x00, 0x00, 0x00, 0x00, 0x00, 0x00, 0x00, 0x00, 0x00, 0x00, 0x00 @ 080A90D0
	.byte 0x0f, 0x00, 0x00, 0x00, 0x01, 0x00, 0x00, 0x00, 0x00, 0x00, 0x00, 0x00, 0x00, 0x00, 0x00, 0x00 @ 080A90E0
	.byte 0x0e, 0x00, 0x00, 0x00, 0x00, 0x00, 0x00, 0x00, 0x00, 0x00, 0x00, 0x00, 0x00, 0x00, 0x00, 0x00 @ 080A90F0
	.byte 0x0b, 0x00, 0x00, 0x00, 0x03, 0x00, 0x00, 0x00, 0x00, 0x00, 0x00, 0x00, 0x00, 0x00, 0x00, 0x00 @ 080A9100
	.byte 0x05, 0x00, 0x00, 0x00, 0xd8, 0x00, 0x00, 0x00, 0x3b, 0x00, 0x00, 0x00, 0x01, 0x00, 0x00, 0x00 @ 080A9110
	.byte 0x0f, 0x00, 0x00, 0x00, 0x01, 0x00, 0x00, 0x00, 0x01, 0x00, 0x00, 0x00, 0x00, 0x00, 0x00, 0x00 @ 080A9120
	.byte 0x0e, 0x00, 0x00, 0x00, 0x00, 0x00, 0x00, 0x00, 0x00, 0x00, 0x00, 0x00, 0x00, 0x00, 0x00, 0x00 @ 080A9130
	.byte 0x07, 0x00, 0x00, 0x00, 0x00, 0x00, 0x00, 0x00, 0x00, 0x00, 0x00, 0x00, 0x00, 0x00, 0x00, 0x00 @ 080A9140
	.byte 0x0f, 0x00, 0x00, 0x00, 0x01, 0x00, 0x00, 0x00, 0x02, 0x00, 0x00, 0x00, 0x00, 0x00, 0x00, 0x00 @ 080A9150
	.byte 0x0e, 0x00, 0x00, 0x00, 0x00, 0x00, 0x00, 0x00, 0x00, 0x00, 0x00, 0x00, 0x00, 0x00, 0x00, 0x00 @ 080A9160
	.byte 0x0b, 0x00, 0x00, 0x00, 0x05, 0x00, 0x00, 0x00, 0x00, 0x00, 0x00, 0x00, 0x00, 0x00, 0x00, 0x00 @ 080A9170
	.byte 0x09, 0x00, 0x00, 0x00, 0x00, 0x00, 0x00, 0x00, 0x00, 0x00, 0x00, 0x00, 0x00, 0x00, 0x00, 0x00 @ 080A9180
	.byte 0x0b, 0x00, 0x00, 0x00, 0x06, 0x00, 0x00, 0x00, 0x00, 0x00, 0x00, 0x00, 0x00, 0x00, 0x00, 0x00 @ 080A9190
	.byte 0x10, 0x00, 0x00, 0x00, 0x01, 0x00, 0x00, 0x00, 0x03, 0x00, 0x00, 0x00, 0x00, 0x00, 0x00, 0x00 @ 080A91A0
	.byte 0x0e, 0x00, 0x00, 0x00, 0x00, 0x00, 0x00, 0x00, 0x00, 0x00, 0x00, 0x00, 0x00, 0x00, 0x00, 0x00 @ 080A91B0
	.byte 0x02, 0x00, 0x00, 0x00, 0x00, 0x00, 0x00, 0x00, 0x14, 0x00, 0x00, 0x00, 0x00, 0x00, 0x00, 0x00 @ 080A91C0
	.byte 0x02, 0x00, 0x00, 0x00, 0x01, 0x00, 0x00, 0x00, 0x24, 0x00, 0x00, 0x00, 0x00, 0x00, 0x00, 0x00 @ 080A91D0
	.byte 0x0e, 0x00, 0x00, 0x00, 0x00, 0x00, 0x00, 0x00, 0x00, 0x00, 0x00, 0x00, 0x00, 0x00, 0x00, 0x00 @ 080A91E0
	.byte 0x00, 0x00, 0x00, 0x00, 0x00, 0x00, 0x00, 0x00, 0x00, 0x00, 0x00, 0x00, 0x00, 0x00, 0x00, 0x00 @ 080A91F0
	.byte 0x0c, 0x00, 0x00, 0x00, 0x02, 0x00, 0x00, 0x00, 0x00, 0x00, 0x00, 0x00, 0x00, 0x00, 0x00, 0x00 @ 080A9200
	.byte 0x0b, 0x00, 0x00, 0x00, 0x02, 0x00, 0x00, 0x00, 0x00, 0x00, 0x00, 0x00, 0x00, 0x00, 0x00, 0x00 @ 080A9210
	.byte 0x0d, 0x00, 0x00, 0x00, 0x00, 0x00, 0x00, 0x00, 0xf4, 0x00, 0x00, 0x00, 0x54, 0x00, 0x00, 0x00 @ 080A9220
	.byte 0x0a, 0x00, 0x00, 0x00, 0x00, 0x00, 0x00, 0x00, 0x72, 0x04, 0x00, 0x00, 0x00, 0x00, 0x00, 0x00 @ 080A9230
	.byte 0x0d, 0x00, 0x00, 0x00, 0x01, 0x00, 0x00, 0x00, 0x2c, 0x01, 0x00, 0x00, 0x5c, 0x00, 0x00, 0x00 @ 080A9240
	.byte 0x0a, 0x00, 0x00, 0x00, 0x01, 0x00, 0x00, 0x00, 0x6e, 0x04, 0x00, 0x00, 0x01, 0x00, 0x00, 0x00 @ 080A9250
	.byte 0x01, 0x00, 0x00, 0x00, 0x01, 0x00, 0x00, 0x00, 0x24, 0x00, 0x00, 0x00, 0x00, 0x00, 0x00, 0x00 @ 080A9260
	.byte 0x01, 0x00, 0x00, 0x00, 0x00, 0x00, 0x00, 0x00, 0x18, 0x00, 0x00, 0x00, 0x00, 0x00, 0x00, 0x00 @ 080A9270
	.byte 0x0e, 0x00, 0x00, 0x00, 0x01, 0x00, 0x00, 0x00, 0x00, 0x00, 0x00, 0x00, 0x00, 0x00, 0x00, 0x00 @ 080A9280
	.byte 0x0f, 0x00, 0x00, 0x00, 0x01, 0x00, 0x00, 0x00, 0x00, 0x00, 0x00, 0x00, 0x00, 0x00, 0x00, 0x00 @ 080A9290
	.byte 0x0e, 0x00, 0x00, 0x00, 0x00, 0x00, 0x00, 0x00, 0x00, 0x00, 0x00, 0x00, 0x00, 0x00, 0x00, 0x00 @ 080A92A0
	.byte 0x0b, 0x00, 0x00, 0x00, 0x03, 0x00, 0x00, 0x00, 0x00, 0x00, 0x00, 0x00, 0x00, 0x00, 0x00, 0x00 @ 080A92B0
	.byte 0x05, 0x00, 0x00, 0x00, 0xd8, 0x00, 0x00, 0x00, 0x53, 0x00, 0x00, 0x00, 0x01, 0x00, 0x00, 0x00 @ 080A92C0
	.byte 0x0f, 0x00, 0x00, 0x00, 0x01, 0x00, 0x00, 0x00, 0x01, 0x00, 0x00, 0x00, 0x00, 0x00, 0x00, 0x00 @ 080A92D0
	.byte 0x0e, 0x00, 0x00, 0x00, 0x00, 0x00, 0x00, 0x00, 0x00, 0x00, 0x00, 0x00, 0x00, 0x00, 0x00, 0x00 @ 080A92E0
	.byte 0x18, 0x00, 0x00, 0x00, 0x00, 0x00, 0x00, 0x00, 0x00, 0x00, 0x00, 0x00, 0x00, 0x00, 0x00, 0x00 @ 080A92F0
	.byte 0x0f, 0x00, 0x00, 0x00, 0x01, 0x00, 0x00, 0x00, 0x02, 0x00, 0x00, 0x00, 0x00, 0x00, 0x00, 0x00 @ 080A9300
	.byte 0x0e, 0x00, 0x00, 0x00, 0x00, 0x00, 0x00, 0x00, 0x00, 0x00, 0x00, 0x00, 0x00, 0x00, 0x00, 0x00 @ 080A9310
	.byte 0x0b, 0x00, 0x00, 0x00, 0x05, 0x00, 0x00, 0x00, 0x00, 0x00, 0x00, 0x00, 0x00, 0x00, 0x00, 0x00 @ 080A9320
	.byte 0x09, 0x00, 0x00, 0x00, 0x00, 0x00, 0x00, 0x00, 0x00, 0x00, 0x00, 0x00, 0x00, 0x00, 0x00, 0x00 @ 080A9330
	.byte 0x0b, 0x00, 0x00, 0x00, 0x06, 0x00, 0x00, 0x00, 0x00, 0x00, 0x00, 0x00, 0x00, 0x00, 0x00, 0x00 @ 080A9340
	.byte 0x10, 0x00, 0x00, 0x00, 0x01, 0x00, 0x00, 0x00, 0x03, 0x00, 0x00, 0x00, 0x00, 0x00, 0x00, 0x00 @ 080A9350
	.byte 0x0e, 0x00, 0x00, 0x00, 0x00, 0x00, 0x00, 0x00, 0x00, 0x00, 0x00, 0x00, 0x00, 0x00, 0x00, 0x00 @ 080A9360
	.byte 0x02, 0x00, 0x00, 0x00, 0x00, 0x00, 0x00, 0x00, 0x14, 0x00, 0x00, 0x00, 0x00, 0x00, 0x00, 0x00 @ 080A9370
	.byte 0x02, 0x00, 0x00, 0x00, 0x01, 0x00, 0x00, 0x00, 0x24, 0x00, 0x00, 0x00, 0x00, 0x00, 0x00, 0x00 @ 080A9380
	.byte 0x0e, 0x00, 0x00, 0x00, 0x00, 0x00, 0x00, 0x00, 0x00, 0x00, 0x00, 0x00, 0x00, 0x00, 0x00, 0x00 @ 080A9390
	.byte 0x00, 0x00, 0x00, 0x00, 0x00, 0x00, 0x00, 0x00, 0x00, 0x00, 0x00, 0x00, 0x00, 0x00, 0x00, 0x00 @ 080A93A0
	.byte 0x0c, 0x00, 0x00, 0x00, 0x02, 0x00, 0x00, 0x00, 0x00, 0x00, 0x00, 0x00, 0x00, 0x00, 0x00, 0x00 @ 080A93B0
	.byte 0x0b, 0x00, 0x00, 0x00, 0x02, 0x00, 0x00, 0x00, 0x00, 0x00, 0x00, 0x00, 0x00, 0x00, 0x00, 0x00 @ 080A93C0
	.byte 0x0d, 0x00, 0x00, 0x00, 0x00, 0x00, 0x00, 0x00, 0xf4, 0x00, 0x00, 0x00, 0x84, 0x00, 0x00, 0x00 @ 080A93D0
	.byte 0x0a, 0x00, 0x00, 0x00, 0x00, 0x00, 0x00, 0x00, 0x83, 0x04, 0x00, 0x00, 0x00, 0x00, 0x00, 0x00 @ 080A93E0
	.byte 0x0d, 0x00, 0x00, 0x00, 0x01, 0x00, 0x00, 0x00, 0x2c, 0x01, 0x00, 0x00, 0x8c, 0x00, 0x00, 0x00 @ 080A93F0
	.byte 0x0a, 0x00, 0x00, 0x00, 0x01, 0x00, 0x00, 0x00, 0x6e, 0x04, 0x00, 0x00, 0x01, 0x00, 0x00, 0x00 @ 080A9400
	.byte 0x01, 0x00, 0x00, 0x00, 0x01, 0x00, 0x00, 0x00, 0x24, 0x00, 0x00, 0x00, 0x00, 0x00, 0x00, 0x00 @ 080A9410
	.byte 0x01, 0x00, 0x00, 0x00, 0x00, 0x00, 0x00, 0x00, 0x18, 0x00, 0x00, 0x00, 0x00, 0x00, 0x00, 0x00 @ 080A9420
	.byte 0x0e, 0x00, 0x00, 0x00, 0x01, 0x00, 0x00, 0x00, 0x00, 0x00, 0x00, 0x00, 0x00, 0x00, 0x00, 0x00 @ 080A9430
	.byte 0x0f, 0x00, 0x00, 0x00, 0x01, 0x00, 0x00, 0x00, 0x00, 0x00, 0x00, 0x00, 0x00, 0x00, 0x00, 0x00 @ 080A9440
	.byte 0x0e, 0x00, 0x00, 0x00, 0x00, 0x00, 0x00, 0x00, 0x00, 0x00, 0x00, 0x00, 0x00, 0x00, 0x00, 0x00 @ 080A9450
	.byte 0x0b, 0x00, 0x00, 0x00, 0x03, 0x00, 0x00, 0x00, 0x00, 0x00, 0x00, 0x00, 0x00, 0x00, 0x00, 0x00 @ 080A9460
	.byte 0x05, 0x00, 0x00, 0x00, 0xd8, 0x00, 0x00, 0x00, 0x83, 0x00, 0x00, 0x00, 0x01, 0x00, 0x00, 0x00 @ 080A9470
	.byte 0x0f, 0x00, 0x00, 0x00, 0x01, 0x00, 0x00, 0x00, 0x01, 0x00, 0x00, 0x00, 0x00, 0x00, 0x00, 0x00 @ 080A9480
	.byte 0x0e, 0x00, 0x00, 0x00, 0x00, 0x00, 0x00, 0x00, 0x00, 0x00, 0x00, 0x00, 0x00, 0x00, 0x00, 0x00 @ 080A9490
	.byte 0x07, 0x00, 0x00, 0x00, 0x00, 0x00, 0x00, 0x00, 0x00, 0x00, 0x00, 0x00, 0x00, 0x00, 0x00, 0x00 @ 080A94A0
	.byte 0x0f, 0x00, 0x00, 0x00, 0x01, 0x00, 0x00, 0x00, 0x02, 0x00, 0x00, 0x00, 0x00, 0x00, 0x00, 0x00 @ 080A94B0
	.byte 0x0e, 0x00, 0x00, 0x00, 0x00, 0x00, 0x00, 0x00, 0x00, 0x00, 0x00, 0x00, 0x00, 0x00, 0x00, 0x00 @ 080A94C0
	.byte 0x0b, 0x00, 0x00, 0x00, 0x05, 0x00, 0x00, 0x00, 0x00, 0x00, 0x00, 0x00, 0x00, 0x00, 0x00, 0x00 @ 080A94D0
	.byte 0x09, 0x00, 0x00, 0x00, 0x00, 0x00, 0x00, 0x00, 0x00, 0x00, 0x00, 0x00, 0x00, 0x00, 0x00, 0x00 @ 080A94E0
	.byte 0x0b, 0x00, 0x00, 0x00, 0x06, 0x00, 0x00, 0x00, 0x00, 0x00, 0x00, 0x00, 0x00, 0x00, 0x00, 0x00 @ 080A94F0
	.byte 0x10, 0x00, 0x00, 0x00, 0x01, 0x00, 0x00, 0x00, 0x03, 0x00, 0x00, 0x00, 0x00, 0x00, 0x00, 0x00 @ 080A9500
	.byte 0x0e, 0x00, 0x00, 0x00, 0x00, 0x00, 0x00, 0x00, 0x00, 0x00, 0x00, 0x00, 0x00, 0x00, 0x00, 0x00 @ 080A9510
	.byte 0x02, 0x00, 0x00, 0x00, 0x00, 0x00, 0x00, 0x00, 0x14, 0x00, 0x00, 0x00, 0x00, 0x00, 0x00, 0x00 @ 080A9520
	.byte 0x02, 0x00, 0x00, 0x00, 0x01, 0x00, 0x00, 0x00, 0x24, 0x00, 0x00, 0x00, 0x00, 0x00, 0x00, 0x00 @ 080A9530
	.byte 0x0e, 0x00, 0x00, 0x00, 0x00, 0x00, 0x00, 0x00, 0x00, 0x00, 0x00, 0x00, 0x00, 0x00, 0x00, 0x00 @ 080A9540
	.byte 0x00, 0x00, 0x00, 0x00, 0x00, 0x00, 0x00, 0x00, 0x00, 0x00, 0x00, 0x00, 0x00, 0x00, 0x00, 0x00 @ 080A9550
	.byte 0x0c, 0x00, 0x00, 0x00, 0x02, 0x00, 0x00, 0x00, 0x00, 0x00, 0x00, 0x00, 0x00, 0x00, 0x00, 0x00 @ 080A9560
	.byte 0x0b, 0x00, 0x00, 0x00, 0x02, 0x00, 0x00, 0x00, 0x00, 0x00, 0x00, 0x00, 0x00, 0x00, 0x00, 0x00 @ 080A9570
	.byte 0x0d, 0x00, 0x00, 0x00, 0x00, 0x00, 0x00, 0x00, 0xf4, 0x00, 0x00, 0x00, 0x6c, 0x00, 0x00, 0x00 @ 080A9580
	.byte 0x0a, 0x00, 0x00, 0x00, 0x00, 0x00, 0x00, 0x00, 0x68, 0x04, 0x00, 0x00, 0x00, 0x00, 0x00, 0x00 @ 080A9590
	.byte 0x0d, 0x00, 0x00, 0x00, 0x01, 0x00, 0x00, 0x00, 0x2c, 0x01, 0x00, 0x00, 0x74, 0x00, 0x00, 0x00 @ 080A95A0
	.byte 0x0a, 0x00, 0x00, 0x00, 0x01, 0x00, 0x00, 0x00, 0x6e, 0x04, 0x00, 0x00, 0x01, 0x00, 0x00, 0x00 @ 080A95B0
	.byte 0x01, 0x00, 0x00, 0x00, 0x01, 0x00, 0x00, 0x00, 0x24, 0x00, 0x00, 0x00, 0x00, 0x00, 0x00, 0x00 @ 080A95C0
	.byte 0x01, 0x00, 0x00, 0x00, 0x00, 0x00, 0x00, 0x00, 0x18, 0x00, 0x00, 0x00, 0x00, 0x00, 0x00, 0x00 @ 080A95D0
	.byte 0x0e, 0x00, 0x00, 0x00, 0x01, 0x00, 0x00, 0x00, 0x00, 0x00, 0x00, 0x00, 0x00, 0x00, 0x00, 0x00 @ 080A95E0
	.byte 0x0f, 0x00, 0x00, 0x00, 0x01, 0x00, 0x00, 0x00, 0x00, 0x00, 0x00, 0x00, 0x00, 0x00, 0x00, 0x00 @ 080A95F0
	.byte 0x0e, 0x00, 0x00, 0x00, 0x00, 0x00, 0x00, 0x00, 0x00, 0x00, 0x00, 0x00, 0x00, 0x00, 0x00, 0x00 @ 080A9600
	.byte 0x0b, 0x00, 0x00, 0x00, 0x03, 0x00, 0x00, 0x00, 0x00, 0x00, 0x00, 0x00, 0x00, 0x00, 0x00, 0x00 @ 080A9610
	.byte 0x05, 0x00, 0x00, 0x00, 0xd8, 0x00, 0x00, 0x00, 0x6b, 0x00, 0x00, 0x00, 0x01, 0x00, 0x00, 0x00 @ 080A9620
	.byte 0x0f, 0x00, 0x00, 0x00, 0x01, 0x00, 0x00, 0x00, 0x01, 0x00, 0x00, 0x00, 0x00, 0x00, 0x00, 0x00 @ 080A9630
	.byte 0x0e, 0x00, 0x00, 0x00, 0x00, 0x00, 0x00, 0x00, 0x00, 0x00, 0x00, 0x00, 0x00, 0x00, 0x00, 0x00 @ 080A9640
	.byte 0x18, 0x00, 0x00, 0x00, 0x00, 0x00, 0x00, 0x00, 0x00, 0x00, 0x00, 0x00, 0x00, 0x00, 0x00, 0x00 @ 080A9650
	.byte 0x0f, 0x00, 0x00, 0x00, 0x01, 0x00, 0x00, 0x00, 0x02, 0x00, 0x00, 0x00, 0x00, 0x00, 0x00, 0x00 @ 080A9660
	.byte 0x0e, 0x00, 0x00, 0x00, 0x00, 0x00, 0x00, 0x00, 0x00, 0x00, 0x00, 0x00, 0x00, 0x00, 0x00, 0x00 @ 080A9670
	.byte 0x0b, 0x00, 0x00, 0x00, 0x05, 0x00, 0x00, 0x00, 0x00, 0x00, 0x00, 0x00, 0x00, 0x00, 0x00, 0x00 @ 080A9680
	.byte 0x09, 0x00, 0x00, 0x00, 0x00, 0x00, 0x00, 0x00, 0x00, 0x00, 0x00, 0x00, 0x00, 0x00, 0x00, 0x00 @ 080A9690
	.byte 0x0b, 0x00, 0x00, 0x00, 0x06, 0x00, 0x00, 0x00, 0x00, 0x00, 0x00, 0x00, 0x00, 0x00, 0x00, 0x00 @ 080A96A0
	.byte 0x10, 0x00, 0x00, 0x00, 0x01, 0x00, 0x00, 0x00, 0x03, 0x00, 0x00, 0x00, 0x00, 0x00, 0x00, 0x00 @ 080A96B0
	.byte 0x0e, 0x00, 0x00, 0x00, 0x00, 0x00, 0x00, 0x00, 0x00, 0x00, 0x00, 0x00, 0x00, 0x00, 0x00, 0x00 @ 080A96C0
	.byte 0x02, 0x00, 0x00, 0x00, 0x00, 0x00, 0x00, 0x00, 0x14, 0x00, 0x00, 0x00, 0x00, 0x00, 0x00, 0x00 @ 080A96D0
	.byte 0x02, 0x00, 0x00, 0x00, 0x01, 0x00, 0x00, 0x00, 0x24, 0x00, 0x00, 0x00, 0x00, 0x00, 0x00, 0x00 @ 080A96E0
	.byte 0x0e, 0x00, 0x00, 0x00, 0x00, 0x00, 0x00, 0x00, 0x00, 0x00, 0x00, 0x00, 0x00, 0x00, 0x00, 0x00 @ 080A96F0
	.byte 0x00, 0x00, 0x00, 0x00, 0x00, 0x00, 0x00, 0x00, 0x00, 0x00, 0x00, 0x00, 0x00, 0x00, 0x00, 0x00 @ 080A9700
	.byte 0x0c, 0x00, 0x00, 0x00, 0x02, 0x00, 0x00, 0x00, 0x00, 0x00, 0x00, 0x00, 0x00, 0x00, 0x00, 0x00 @ 080A9710
	.byte 0x0b, 0x00, 0x00, 0x00, 0x02, 0x00, 0x00, 0x00, 0x00, 0x00, 0x00, 0x00, 0x00, 0x00, 0x00, 0x00 @ 080A9720
	.byte 0x0d, 0x00, 0x00, 0x00, 0x00, 0x00, 0x00, 0x00, 0xf4, 0x00, 0x00, 0x00, 0x84, 0x00, 0x00, 0x00 @ 080A9730
	.byte 0x0a, 0x00, 0x00, 0x00, 0x00, 0x00, 0x00, 0x00, 0x70, 0x04, 0x00, 0x00, 0x00, 0x00, 0x00, 0x00 @ 080A9740
	.byte 0x0d, 0x00, 0x00, 0x00, 0x01, 0x00, 0x00, 0x00, 0x2c, 0x01, 0x00, 0x00, 0x8c, 0x00, 0x00, 0x00 @ 080A9750
	.byte 0x0a, 0x00, 0x00, 0x00, 0x01, 0x00, 0x00, 0x00, 0x6e, 0x04, 0x00, 0x00, 0x01, 0x00, 0x00, 0x00 @ 080A9760
	.byte 0x01, 0x00, 0x00, 0x00, 0x01, 0x00, 0x00, 0x00, 0x24, 0x00, 0x00, 0x00, 0x00, 0x00, 0x00, 0x00 @ 080A9770
	.byte 0x01, 0x00, 0x00, 0x00, 0x00, 0x00, 0x00, 0x00, 0x18, 0x00, 0x00, 0x00, 0x00, 0x00, 0x00, 0x00 @ 080A9780
	.byte 0x0e, 0x00, 0x00, 0x00, 0x01, 0x00, 0x00, 0x00, 0x00, 0x00, 0x00, 0x00, 0x00, 0x00, 0x00, 0x00 @ 080A9790
	.byte 0x0f, 0x00, 0x00, 0x00, 0x01, 0x00, 0x00, 0x00, 0x00, 0x00, 0x00, 0x00, 0x00, 0x00, 0x00, 0x00 @ 080A97A0
	.byte 0x0e, 0x00, 0x00, 0x00, 0x00, 0x00, 0x00, 0x00, 0x00, 0x00, 0x00, 0x00, 0x00, 0x00, 0x00, 0x00 @ 080A97B0
	.byte 0x0b, 0x00, 0x00, 0x00, 0x03, 0x00, 0x00, 0x00, 0x00, 0x00, 0x00, 0x00, 0x00, 0x00, 0x00, 0x00 @ 080A97C0
	.byte 0x05, 0x00, 0x00, 0x00, 0xd8, 0x00, 0x00, 0x00, 0x83, 0x00, 0x00, 0x00, 0x01, 0x00, 0x00, 0x00 @ 080A97D0
	.byte 0x0f, 0x00, 0x00, 0x00, 0x01, 0x00, 0x00, 0x00, 0x01, 0x00, 0x00, 0x00, 0x00, 0x00, 0x00, 0x00 @ 080A97E0
	.byte 0x0e, 0x00, 0x00, 0x00, 0x00, 0x00, 0x00, 0x00, 0x00, 0x00, 0x00, 0x00, 0x00, 0x00, 0x00, 0x00 @ 080A97F0
	.byte 0x07, 0x00, 0x00, 0x00, 0x00, 0x00, 0x00, 0x00, 0x00, 0x00, 0x00, 0x00, 0x00, 0x00, 0x00, 0x00 @ 080A9800
	.byte 0x0f, 0x00, 0x00, 0x00, 0x01, 0x00, 0x00, 0x00, 0x02, 0x00, 0x00, 0x00, 0x00, 0x00, 0x00, 0x00 @ 080A9810
	.byte 0x0e, 0x00, 0x00, 0x00, 0x00, 0x00, 0x00, 0x00, 0x00, 0x00, 0x00, 0x00, 0x00, 0x00, 0x00, 0x00 @ 080A9820
	.byte 0x0b, 0x00, 0x00, 0x00, 0x05, 0x00, 0x00, 0x00, 0x00, 0x00, 0x00, 0x00, 0x00, 0x00, 0x00, 0x00 @ 080A9830
	.byte 0x09, 0x00, 0x00, 0x00, 0x00, 0x00, 0x00, 0x00, 0x00, 0x00, 0x00, 0x00, 0x00, 0x00, 0x00, 0x00 @ 080A9840
	.byte 0x0b, 0x00, 0x00, 0x00, 0x06, 0x00, 0x00, 0x00, 0x00, 0x00, 0x00, 0x00, 0x00, 0x00, 0x00, 0x00 @ 080A9850
	.byte 0x10, 0x00, 0x00, 0x00, 0x01, 0x00, 0x00, 0x00, 0x03, 0x00, 0x00, 0x00, 0x00, 0x00, 0x00, 0x00 @ 080A9860
	.byte 0x0e, 0x00, 0x00, 0x00, 0x00, 0x00, 0x00, 0x00, 0x00, 0x00, 0x00, 0x00, 0x00, 0x00, 0x00, 0x00 @ 080A9870
	.byte 0x02, 0x00, 0x00, 0x00, 0x00, 0x00, 0x00, 0x00, 0x14, 0x00, 0x00, 0x00, 0x00, 0x00, 0x00, 0x00 @ 080A9880
	.byte 0x02, 0x00, 0x00, 0x00, 0x01, 0x00, 0x00, 0x00, 0x24, 0x00, 0x00, 0x00, 0x00, 0x00, 0x00, 0x00 @ 080A9890
	.byte 0x0e, 0x00, 0x00, 0x00, 0x00, 0x00, 0x00, 0x00, 0x00, 0x00, 0x00, 0x00, 0x00, 0x00, 0x00, 0x00 @ 080A98A0
	.byte 0x00, 0x00, 0x00, 0x00, 0x00, 0x00, 0x00, 0x00, 0x00, 0x00, 0x00, 0x00, 0x00, 0x00, 0x00, 0x00 @ 080A98B0
	.byte 0x0c, 0x00, 0x00, 0x00, 0x02, 0x00, 0x00, 0x00, 0x00, 0x00, 0x00, 0x00, 0x00, 0x00, 0x00, 0x00 @ 080A98C0
	.byte 0x0b, 0x00, 0x00, 0x00, 0x02, 0x00, 0x00, 0x00, 0x00, 0x00, 0x00, 0x00, 0x00, 0x00, 0x00, 0x00 @ 080A98D0
	.byte 0x0d, 0x00, 0x00, 0x00, 0x00, 0x00, 0x00, 0x00, 0xf4, 0x00, 0x00, 0x00, 0x84, 0x00, 0x00, 0x00 @ 080A98E0
	.byte 0x0a, 0x00, 0x00, 0x00, 0x00, 0x00, 0x00, 0x00, 0x7b, 0x04, 0x00, 0x00, 0x00, 0x00, 0x00, 0x00 @ 080A98F0
	.byte 0x0d, 0x00, 0x00, 0x00, 0x01, 0x00, 0x00, 0x00, 0x2c, 0x01, 0x00, 0x00, 0x8c, 0x00, 0x00, 0x00 @ 080A9900
	.byte 0x0a, 0x00, 0x00, 0x00, 0x01, 0x00, 0x00, 0x00, 0x6e, 0x04, 0x00, 0x00, 0x01, 0x00, 0x00, 0x00 @ 080A9910
	.byte 0x01, 0x00, 0x00, 0x00, 0x01, 0x00, 0x00, 0x00, 0x24, 0x00, 0x00, 0x00, 0x00, 0x00, 0x00, 0x00 @ 080A9920
	.byte 0x01, 0x00, 0x00, 0x00, 0x00, 0x00, 0x00, 0x00, 0x18, 0x00, 0x00, 0x00, 0x00, 0x00, 0x00, 0x00 @ 080A9930
	.byte 0x0e, 0x00, 0x00, 0x00, 0x01, 0x00, 0x00, 0x00, 0x00, 0x00, 0x00, 0x00, 0x00, 0x00, 0x00, 0x00 @ 080A9940
	.byte 0x0f, 0x00, 0x00, 0x00, 0x01, 0x00, 0x00, 0x00, 0x00, 0x00, 0x00, 0x00, 0x00, 0x00, 0x00, 0x00 @ 080A9950
	.byte 0x0e, 0x00, 0x00, 0x00, 0x00, 0x00, 0x00, 0x00, 0x00, 0x00, 0x00, 0x00, 0x00, 0x00, 0x00, 0x00 @ 080A9960
	.byte 0x0b, 0x00, 0x00, 0x00, 0x03, 0x00, 0x00, 0x00, 0x00, 0x00, 0x00, 0x00, 0x00, 0x00, 0x00, 0x00 @ 080A9970
	.byte 0x05, 0x00, 0x00, 0x00, 0xd8, 0x00, 0x00, 0x00, 0x83, 0x00, 0x00, 0x00, 0x01, 0x00, 0x00, 0x00 @ 080A9980
	.byte 0x0f, 0x00, 0x00, 0x00, 0x01, 0x00, 0x00, 0x00, 0x01, 0x00, 0x00, 0x00, 0x00, 0x00, 0x00, 0x00 @ 080A9990
	.byte 0x0e, 0x00, 0x00, 0x00, 0x00, 0x00, 0x00, 0x00, 0x00, 0x00, 0x00, 0x00, 0x00, 0x00, 0x00, 0x00 @ 080A99A0
	.byte 0x07, 0x00, 0x00, 0x00, 0x00, 0x00, 0x00, 0x00, 0x00, 0x00, 0x00, 0x00, 0x00, 0x00, 0x00, 0x00 @ 080A99B0
	.byte 0x0f, 0x00, 0x00, 0x00, 0x01, 0x00, 0x00, 0x00, 0x02, 0x00, 0x00, 0x00, 0x00, 0x00, 0x00, 0x00 @ 080A99C0
	.byte 0x0e, 0x00, 0x00, 0x00, 0x00, 0x00, 0x00, 0x00, 0x00, 0x00, 0x00, 0x00, 0x00, 0x00, 0x00, 0x00 @ 080A99D0
	.byte 0x0b, 0x00, 0x00, 0x00, 0x05, 0x00, 0x00, 0x00, 0x00, 0x00, 0x00, 0x00, 0x00, 0x00, 0x00, 0x00 @ 080A99E0
	.byte 0x09, 0x00, 0x00, 0x00, 0x00, 0x00, 0x00, 0x00, 0x00, 0x00, 0x00, 0x00, 0x00, 0x00, 0x00, 0x00 @ 080A99F0
	.byte 0x0b, 0x00, 0x00, 0x00, 0x06, 0x00, 0x00, 0x00, 0x00, 0x00, 0x00, 0x00, 0x00, 0x00, 0x00, 0x00 @ 080A9A00
	.byte 0x10, 0x00, 0x00, 0x00, 0x01, 0x00, 0x00, 0x00, 0x03, 0x00, 0x00, 0x00, 0x00, 0x00, 0x00, 0x00 @ 080A9A10
	.byte 0x0e, 0x00, 0x00, 0x00, 0x00, 0x00, 0x00, 0x00, 0x00, 0x00, 0x00, 0x00, 0x00, 0x00, 0x00, 0x00 @ 080A9A20
	.byte 0x02, 0x00, 0x00, 0x00, 0x00, 0x00, 0x00, 0x00, 0x14, 0x00, 0x00, 0x00, 0x00, 0x00, 0x00, 0x00 @ 080A9A30
	.byte 0x02, 0x00, 0x00, 0x00, 0x01, 0x00, 0x00, 0x00, 0x24, 0x00, 0x00, 0x00, 0x00, 0x00, 0x00, 0x00 @ 080A9A40
	.byte 0x0e, 0x00, 0x00, 0x00, 0x00, 0x00, 0x00, 0x00, 0x00, 0x00, 0x00, 0x00, 0x00, 0x00, 0x00, 0x00 @ 080A9A50
	.byte 0x00, 0x00, 0x00, 0x00, 0x00, 0x00, 0x00, 0x00, 0x00, 0x00, 0x00, 0x00, 0x00, 0x00, 0x00, 0x00 @ 080A9A60
	.byte 0x0c, 0x00, 0x00, 0x00, 0x02, 0x00, 0x00, 0x00, 0x00, 0x00, 0x00, 0x00, 0x00, 0x00, 0x00, 0x00 @ 080A9A70
	.byte 0x0b, 0x00, 0x00, 0x00, 0x02, 0x00, 0x00, 0x00, 0x00, 0x00, 0x00, 0x00, 0x00, 0x00, 0x00, 0x00 @ 080A9A80
	.byte 0x0d, 0x00, 0x00, 0x00, 0x00, 0x00, 0x00, 0x00, 0xec, 0xff, 0xff, 0xff, 0x84, 0x00, 0x00, 0x00 @ 080A9A90
	.byte 0x0a, 0x00, 0x00, 0x00, 0x00, 0x00, 0x00, 0x00, 0x71, 0x04, 0x00, 0x00, 0x00, 0x00, 0x00, 0x00 @ 080A9AA0
	.byte 0x0d, 0x00, 0x00, 0x00, 0x01, 0x00, 0x00, 0x00, 0xc4, 0xff, 0xff, 0xff, 0x8c, 0x00, 0x00, 0x00 @ 080A9AB0
	.byte 0x0a, 0x00, 0x00, 0x00, 0x01, 0x00, 0x00, 0x00, 0x6f, 0x04, 0x00, 0x00, 0x01, 0x00, 0x00, 0x00 @ 080A9AC0
	.byte 0x02, 0x00, 0x00, 0x00, 0x01, 0x00, 0x00, 0x00, 0x24, 0x00, 0x00, 0x00, 0x00, 0x00, 0x00, 0x00 @ 080A9AD0
	.byte 0x02, 0x00, 0x00, 0x00, 0x00, 0x00, 0x00, 0x00, 0x18, 0x00, 0x00, 0x00, 0x00, 0x00, 0x00, 0x00 @ 080A9AE0
	.byte 0x0e, 0x00, 0x00, 0x00, 0x01, 0x00, 0x00, 0x00, 0x00, 0x00, 0x00, 0x00, 0x00, 0x00, 0x00, 0x00 @ 080A9AF0
	.byte 0x10, 0x00, 0x00, 0x00, 0x01, 0x00, 0x00, 0x00, 0x00, 0x00, 0x00, 0x00, 0x00, 0x00, 0x00, 0x00 @ 080A9B00
	.byte 0x0e, 0x00, 0x00, 0x00, 0x00, 0x00, 0x00, 0x00, 0x00, 0x00, 0x00, 0x00, 0x00, 0x00, 0x00, 0x00 @ 080A9B10
	.byte 0x0b, 0x00, 0x00, 0x00, 0x03, 0x00, 0x00, 0x00, 0x00, 0x00, 0x00, 0x00, 0x00, 0x00, 0x00, 0x00 @ 080A9B20
	.byte 0x05, 0x00, 0x00, 0x00, 0x18, 0x00, 0x00, 0x00, 0x83, 0x00, 0x00, 0x00, 0x00, 0x00, 0x00, 0x00 @ 080A9B30
	.byte 0x10, 0x00, 0x00, 0x00, 0x01, 0x00, 0x00, 0x00, 0x01, 0x00, 0x00, 0x00, 0x00, 0x00, 0x00, 0x00 @ 080A9B40
	.byte 0x0e, 0x00, 0x00, 0x00, 0x00, 0x00, 0x00, 0x00, 0x00, 0x00, 0x00, 0x00, 0x00, 0x00, 0x00, 0x00 @ 080A9B50
	.byte 0x07, 0x00, 0x00, 0x00, 0x00, 0x00, 0x00, 0x00, 0x00, 0x00, 0x00, 0x00, 0x00, 0x00, 0x00, 0x00 @ 080A9B60
	.byte 0x10, 0x00, 0x00, 0x00, 0x01, 0x00, 0x00, 0x00, 0x02, 0x00, 0x00, 0x00, 0x00, 0x00, 0x00, 0x00 @ 080A9B70
	.byte 0x0e, 0x00, 0x00, 0x00, 0x00, 0x00, 0x00, 0x00, 0x00, 0x00, 0x00, 0x00, 0x00, 0x00, 0x00, 0x00 @ 080A9B80
	.byte 0x0b, 0x00, 0x00, 0x00, 0x05, 0x00, 0x00, 0x00, 0x00, 0x00, 0x00, 0x00, 0x00, 0x00, 0x00, 0x00 @ 080A9B90
	.byte 0x09, 0x00, 0x00, 0x00, 0x00, 0x00, 0x00, 0x00, 0x00, 0x00, 0x00, 0x00, 0x00, 0x00, 0x00, 0x00 @ 080A9BA0
	.byte 0x0b, 0x00, 0x00, 0x00, 0x06, 0x00, 0x00, 0x00, 0x00, 0x00, 0x00, 0x00, 0x00, 0x00, 0x00, 0x00 @ 080A9BB0
	.byte 0x0f, 0x00, 0x00, 0x00, 0x01, 0x00, 0x00, 0x00, 0x03, 0x00, 0x00, 0x00, 0x00, 0x00, 0x00, 0x00 @ 080A9BC0
	.byte 0x0e, 0x00, 0x00, 0x00, 0x00, 0x00, 0x00, 0x00, 0x00, 0x00, 0x00, 0x00, 0x00, 0x00, 0x00, 0x00 @ 080A9BD0
	.byte 0x01, 0x00, 0x00, 0x00, 0x00, 0x00, 0x00, 0x00, 0x14, 0x00, 0x00, 0x00, 0x00, 0x00, 0x00, 0x00 @ 080A9BE0
	.byte 0x01, 0x00, 0x00, 0x00, 0x01, 0x00, 0x00, 0x00, 0x24, 0x00, 0x00, 0x00, 0x00, 0x00, 0x00, 0x00 @ 080A9BF0
	.byte 0x0e, 0x00, 0x00, 0x00, 0x00, 0x00, 0x00, 0x00, 0x00, 0x00, 0x00, 0x00, 0x00, 0x00, 0x00, 0x00 @ 080A9C00
	.byte 0x00, 0x00, 0x00, 0x00, 0x00, 0x00, 0x00, 0x00, 0x00, 0x00, 0x00, 0x00, 0x00, 0x00, 0x00, 0x00 @ 080A9C10
	.byte 0x0c, 0x00, 0x00, 0x00, 0x02, 0x00, 0x00, 0x00, 0x00, 0x00, 0x00, 0x00, 0x00, 0x00, 0x00, 0x00 @ 080A9C20
	.byte 0x0b, 0x00, 0x00, 0x00, 0x02, 0x00, 0x00, 0x00, 0x00, 0x00, 0x00, 0x00, 0x00, 0x00, 0x00, 0x00 @ 080A9C30
	.byte 0x0d, 0x00, 0x00, 0x00, 0x00, 0x00, 0x00, 0x00, 0xec, 0xff, 0xff, 0xff, 0x54, 0x00, 0x00, 0x00 @ 080A9C40
	.byte 0x0a, 0x00, 0x00, 0x00, 0x00, 0x00, 0x00, 0x00, 0x67, 0x04, 0x00, 0x00, 0x00, 0x00, 0x00, 0x00 @ 080A9C50
	.byte 0x0d, 0x00, 0x00, 0x00, 0x01, 0x00, 0x00, 0x00, 0xc4, 0xff, 0xff, 0xff, 0x5c, 0x00, 0x00, 0x00 @ 080A9C60
	.byte 0x0a, 0x00, 0x00, 0x00, 0x01, 0x00, 0x00, 0x00, 0x6f, 0x04, 0x00, 0x00, 0x01, 0x00, 0x00, 0x00 @ 080A9C70
	.byte 0x02, 0x00, 0x00, 0x00, 0x01, 0x00, 0x00, 0x00, 0x24, 0x00, 0x00, 0x00, 0x00, 0x00, 0x00, 0x00 @ 080A9C80
	.byte 0x02, 0x00, 0x00, 0x00, 0x00, 0x00, 0x00, 0x00, 0x18, 0x00, 0x00, 0x00, 0x00, 0x00, 0x00, 0x00 @ 080A9C90
	.byte 0x0e, 0x00, 0x00, 0x00, 0x01, 0x00, 0x00, 0x00, 0x00, 0x00, 0x00, 0x00, 0x00, 0x00, 0x00, 0x00 @ 080A9CA0
	.byte 0x10, 0x00, 0x00, 0x00, 0x01, 0x00, 0x00, 0x00, 0x00, 0x00, 0x00, 0x00, 0x00, 0x00, 0x00, 0x00 @ 080A9CB0
	.byte 0x0e, 0x00, 0x00, 0x00, 0x00, 0x00, 0x00, 0x00, 0x00, 0x00, 0x00, 0x00, 0x00, 0x00, 0x00, 0x00 @ 080A9CC0
	.byte 0x0b, 0x00, 0x00, 0x00, 0x03, 0x00, 0x00, 0x00, 0x00, 0x00, 0x00, 0x00, 0x00, 0x00, 0x00, 0x00 @ 080A9CD0
	.byte 0x05, 0x00, 0x00, 0x00, 0x18, 0x00, 0x00, 0x00, 0x53, 0x00, 0x00, 0x00, 0x00, 0x00, 0x00, 0x00 @ 080A9CE0
	.byte 0x10, 0x00, 0x00, 0x00, 0x01, 0x00, 0x00, 0x00, 0x01, 0x00, 0x00, 0x00, 0x00, 0x00, 0x00, 0x00 @ 080A9CF0
	.byte 0x0e, 0x00, 0x00, 0x00, 0x00, 0x00, 0x00, 0x00, 0x00, 0x00, 0x00, 0x00, 0x00, 0x00, 0x00, 0x00 @ 080A9D00
	.byte 0x18, 0x00, 0x00, 0x00, 0x00, 0x00, 0x00, 0x00, 0x00, 0x00, 0x00, 0x00, 0x00, 0x00, 0x00, 0x00 @ 080A9D10
	.byte 0x10, 0x00, 0x00, 0x00, 0x01, 0x00, 0x00, 0x00, 0x02, 0x00, 0x00, 0x00, 0x00, 0x00, 0x00, 0x00 @ 080A9D20
	.byte 0x0e, 0x00, 0x00, 0x00, 0x00, 0x00, 0x00, 0x00, 0x00, 0x00, 0x00, 0x00, 0x00, 0x00, 0x00, 0x00 @ 080A9D30
	.byte 0x0b, 0x00, 0x00, 0x00, 0x05, 0x00, 0x00, 0x00, 0x00, 0x00, 0x00, 0x00, 0x00, 0x00, 0x00, 0x00 @ 080A9D40
	.byte 0x09, 0x00, 0x00, 0x00, 0x00, 0x00, 0x00, 0x00, 0x00, 0x00, 0x00, 0x00, 0x00, 0x00, 0x00, 0x00 @ 080A9D50
	.byte 0x0b, 0x00, 0x00, 0x00, 0x06, 0x00, 0x00, 0x00, 0x00, 0x00, 0x00, 0x00, 0x00, 0x00, 0x00, 0x00 @ 080A9D60
	.byte 0x0f, 0x00, 0x00, 0x00, 0x01, 0x00, 0x00, 0x00, 0x03, 0x00, 0x00, 0x00, 0x00, 0x00, 0x00, 0x00 @ 080A9D70
	.byte 0x0e, 0x00, 0x00, 0x00, 0x00, 0x00, 0x00, 0x00, 0x00, 0x00, 0x00, 0x00, 0x00, 0x00, 0x00, 0x00 @ 080A9D80
	.byte 0x01, 0x00, 0x00, 0x00, 0x00, 0x00, 0x00, 0x00, 0x14, 0x00, 0x00, 0x00, 0x00, 0x00, 0x00, 0x00 @ 080A9D90
	.byte 0x01, 0x00, 0x00, 0x00, 0x01, 0x00, 0x00, 0x00, 0x24, 0x00, 0x00, 0x00, 0x00, 0x00, 0x00, 0x00 @ 080A9DA0
	.byte 0x0e, 0x00, 0x00, 0x00, 0x00, 0x00, 0x00, 0x00, 0x00, 0x00, 0x00, 0x00, 0x00, 0x00, 0x00, 0x00 @ 080A9DB0
	.byte 0x00, 0x00, 0x00, 0x00, 0x00, 0x00, 0x00, 0x00, 0x00, 0x00, 0x00, 0x00, 0x00, 0x00, 0x00, 0x00 @ 080A9DC0
	.byte 0x0c, 0x00, 0x00, 0x00, 0x00, 0x00, 0x00, 0x00, 0x02, 0x00, 0x00, 0x00, 0x00, 0x00, 0x00, 0x00 @ 080A9DD0
	.byte 0x0b, 0x00, 0x00, 0x00, 0x02, 0x00, 0x00, 0x00, 0x00, 0x00, 0x00, 0x00, 0x00, 0x00, 0x00, 0x00 @ 080A9DE0
	.byte 0x16, 0x00, 0x00, 0x00, 0x00, 0x00, 0x00, 0x00, 0xec, 0xff, 0xff, 0xff, 0x1e, 0x00, 0x00, 0x00 @ 080A9DF0
	.byte 0x13, 0x00, 0x00, 0x00, 0x00, 0x00, 0x00, 0x00, 0x00, 0x00, 0x00, 0x00, 0x18, 0x00, 0x00, 0x00 @ 080A9E00
	.byte 0x0e, 0x00, 0x00, 0x00, 0x00, 0x00, 0x00, 0x00, 0x00, 0x00, 0x00, 0x00, 0x00, 0x00, 0x00, 0x00 @ 080A9E10
	.byte 0x15, 0x00, 0x00, 0x00, 0x00, 0x00, 0x00, 0x00, 0x01, 0x00, 0x00, 0x00, 0x00, 0x00, 0x00, 0x00 @ 080A9E20
	.byte 0x0e, 0x00, 0x00, 0x00, 0x00, 0x00, 0x00, 0x00, 0x00, 0x00, 0x00, 0x00, 0x00, 0x00, 0x00, 0x00 @ 080A9E30
	.byte 0x0b, 0x00, 0x00, 0x00, 0x03, 0x00, 0x00, 0x00, 0x00, 0x00, 0x00, 0x00, 0x00, 0x00, 0x00, 0x00 @ 080A9E40
	.byte 0x19, 0x00, 0x00, 0x00, 0x00, 0x00, 0x00, 0x00, 0x00, 0x00, 0x00, 0x00, 0x00, 0x00, 0x00, 0x00 @ 080A9E50
	.byte 0x0b, 0x00, 0x00, 0x00, 0x05, 0x00, 0x00, 0x00, 0x00, 0x00, 0x00, 0x00, 0x00, 0x00, 0x00, 0x00 @ 080A9E60
	.byte 0x1a, 0x00, 0x00, 0x00, 0x00, 0x00, 0x00, 0x00, 0x00, 0x00, 0x00, 0x00, 0x00, 0x00, 0x00, 0x00 @ 080A9E70
	.byte 0x0b, 0x00, 0x00, 0x00, 0x06, 0x00, 0x00, 0x00, 0x00, 0x00, 0x00, 0x00, 0x00, 0x00, 0x00, 0x00 @ 080A9E80
	.byte 0x14, 0x00, 0x00, 0x00, 0x00, 0x00, 0x00, 0x00, 0x01, 0x00, 0x00, 0x00, 0x00, 0x00, 0x00, 0x00 @ 080A9E90
	.byte 0x0e, 0x00, 0x00, 0x00, 0x00, 0x00, 0x00, 0x00, 0x00, 0x00, 0x00, 0x00, 0x00, 0x00, 0x00, 0x00 @ 080A9EA0
	.byte 0x12, 0x00, 0x00, 0x00, 0x00, 0x00, 0x00, 0x00, 0x00, 0x00, 0x00, 0x00, 0x18, 0x00, 0x00, 0x00 @ 080A9EB0
	.byte 0x0e, 0x00, 0x00, 0x00, 0x00, 0x00, 0x00, 0x00, 0x00, 0x00, 0x00, 0x00, 0x00, 0x00, 0x00, 0x00 @ 080A9EC0
	.byte 0x00, 0x00, 0x00, 0x00, 0x00, 0x00, 0x00, 0x00, 0x00, 0x00, 0x00, 0x00, 0x00, 0x00, 0x00, 0x00 @ 080A9ED0
	.byte 0x0c, 0x00, 0x00, 0x00, 0x00, 0x00, 0x00, 0x00, 0x01, 0x00, 0x00, 0x00, 0x00, 0x00, 0x00, 0x00 @ 080A9EE0
	.byte 0x0b, 0x00, 0x00, 0x00, 0x02, 0x00, 0x00, 0x00, 0x00, 0x00, 0x00, 0x00, 0x00, 0x00, 0x00, 0x00 @ 080A9EF0
	.byte 0x11, 0x00, 0x00, 0x00, 0x00, 0x00, 0x00, 0x00, 0x18, 0x00, 0x00, 0x00, 0xec, 0xff, 0xff, 0xff @ 080A9F00
	.byte 0x15, 0x00, 0x00, 0x00, 0x00, 0x00, 0x00, 0x00, 0x00, 0x00, 0x00, 0x00, 0x20, 0x00, 0x00, 0x00 @ 080A9F10
	.byte 0x0e, 0x00, 0x00, 0x00, 0x00, 0x00, 0x00, 0x00, 0x00, 0x00, 0x00, 0x00, 0x00, 0x00, 0x00, 0x00 @ 080A9F20
	.byte 0x13, 0x00, 0x00, 0x00, 0x00, 0x00, 0x00, 0x00, 0x01, 0x00, 0x00, 0x00, 0x00, 0x00, 0x00, 0x00 @ 080A9F30
	.byte 0x0e, 0x00, 0x00, 0x00, 0x00, 0x00, 0x00, 0x00, 0x00, 0x00, 0x00, 0x00, 0x00, 0x00, 0x00, 0x00 @ 080A9F40
	.byte 0x0b, 0x00, 0x00, 0x00, 0x03, 0x00, 0x00, 0x00, 0x00, 0x00, 0x00, 0x00, 0x00, 0x00, 0x00, 0x00 @ 080A9F50
	.byte 0x17, 0x00, 0x00, 0x00, 0x00, 0x00, 0x00, 0x00, 0x00, 0x00, 0x00, 0x00, 0x00, 0x00, 0x00, 0x00 @ 080A9F60
	.byte 0x0b, 0x00, 0x00, 0x00, 0x05, 0x00, 0x00, 0x00, 0x00, 0x00, 0x00, 0x00, 0x00, 0x00, 0x00, 0x00 @ 080A9F70
	.byte 0x09, 0x00, 0x00, 0x00, 0x00, 0x00, 0x00, 0x00, 0x00, 0x00, 0x00, 0x00, 0x00, 0x00, 0x00, 0x00 @ 080A9F80
	.byte 0x0b, 0x00, 0x00, 0x00, 0x06, 0x00, 0x00, 0x00, 0x00, 0x00, 0x00, 0x00, 0x00, 0x00, 0x00, 0x00 @ 080A9F90
	.byte 0x12, 0x00, 0x00, 0x00, 0x00, 0x00, 0x00, 0x00, 0x01, 0x00, 0x00, 0x00, 0x00, 0x00, 0x00, 0x00 @ 080A9FA0
	.byte 0x0e, 0x00, 0x00, 0x00, 0x00, 0x00, 0x00, 0x00, 0x00, 0x00, 0x00, 0x00, 0x00, 0x00, 0x00, 0x00 @ 080A9FB0
	.byte 0x14, 0x00, 0x00, 0x00, 0x00, 0x00, 0x00, 0x00, 0x00, 0x00, 0x00, 0x00, 0x20, 0x00, 0x00, 0x00 @ 080A9FC0
	.byte 0x0e, 0x00, 0x00, 0x00, 0x00, 0x00, 0x00, 0x00, 0x00, 0x00, 0x00, 0x00, 0x00, 0x00, 0x00, 0x00 @ 080A9FD0
	.byte 0x00, 0x00, 0x00, 0x00, 0x00, 0x00, 0x00, 0x00, 0x00, 0x00, 0x00, 0x00, 0x00, 0x00, 0x00, 0x00 @ 080A9FE0
	.byte 0x0c, 0x00, 0x00, 0x00, 0x01, 0x00, 0x00, 0x00, 0x02, 0x00, 0x00, 0x00, 0x00, 0x00, 0x00, 0x00 @ 080A9FF0
	.byte 0x0b, 0x00, 0x00, 0x00, 0x02, 0x00, 0x00, 0x00, 0x00, 0x00, 0x00, 0x00, 0x00, 0x00, 0x00, 0x00 @ 080AA000
	.byte 0x0d, 0x00, 0x00, 0x00, 0x00, 0x00, 0x00, 0x00, 0xec, 0xff, 0xff, 0xff, 0x0c, 0x00, 0x00, 0x00 @ 080AA010
	.byte 0x0a, 0x00, 0x00, 0x00, 0x00, 0x00, 0x00, 0x00, 0x63, 0x04, 0x00, 0x00, 0x00, 0x00, 0x00, 0x00 @ 080AA020
	.byte 0x16, 0x00, 0x00, 0x00, 0x01, 0x00, 0x00, 0x00, 0xec, 0xff, 0xff, 0xff, 0x1e, 0x00, 0x00, 0x00 @ 080AA030
	.byte 0x02, 0x00, 0x00, 0x00, 0x00, 0x00, 0x00, 0x00, 0x18, 0x00, 0x00, 0x00, 0x00, 0x00, 0x00, 0x00 @ 080AA040
	.byte 0x13, 0x00, 0x00, 0x00, 0x01, 0x00, 0x00, 0x00, 0x00, 0x00, 0x00, 0x00, 0x18, 0x00, 0x00, 0x00 @ 080AA050
	.byte 0x0e, 0x00, 0x00, 0x00, 0x00, 0x00, 0x00, 0x00, 0x00, 0x00, 0x00, 0x00, 0x00, 0x00, 0x00, 0x00 @ 080AA060
	.byte 0x15, 0x00, 0x00, 0x00, 0x01, 0x00, 0x00, 0x00, 0x01, 0x00, 0x00, 0x00, 0x00, 0x00, 0x00, 0x00 @ 080AA070
	.byte 0x0e, 0x00, 0x00, 0x00, 0x00, 0x00, 0x00, 0x00, 0x00, 0x00, 0x00, 0x00, 0x00, 0x00, 0x00, 0x00 @ 080AA080
	.byte 0x0b, 0x00, 0x00, 0x00, 0x03, 0x00, 0x00, 0x00, 0x00, 0x00, 0x00, 0x00, 0x00, 0x00, 0x00, 0x00 @ 080AA090
	.byte 0x19, 0x00, 0x00, 0x00, 0x01, 0x00, 0x00, 0x00, 0x00, 0x00, 0x00, 0x00, 0x00, 0x00, 0x00, 0x00 @ 080AA0A0
	.byte 0x0b, 0x00, 0x00, 0x00, 0x05, 0x00, 0x00, 0x00, 0x00, 0x00, 0x00, 0x00, 0x00, 0x00, 0x00, 0x00 @ 080AA0B0
	.byte 0x1a, 0x00, 0x00, 0x00, 0x00, 0x00, 0x00, 0x00, 0x00, 0x00, 0x00, 0x00, 0x00, 0x00, 0x00, 0x00 @ 080AA0C0
	.byte 0x0b, 0x00, 0x00, 0x00, 0x06, 0x00, 0x00, 0x00, 0x00, 0x00, 0x00, 0x00, 0x00, 0x00, 0x00, 0x00 @ 080AA0D0
	.byte 0x14, 0x00, 0x00, 0x00, 0x01, 0x00, 0x00, 0x00, 0x01, 0x00, 0x00, 0x00, 0x00, 0x00, 0x00, 0x00 @ 080AA0E0
	.byte 0x0e, 0x00, 0x00, 0x00, 0x00, 0x00, 0x00, 0x00, 0x00, 0x00, 0x00, 0x00, 0x00, 0x00, 0x00, 0x00 @ 080AA0F0
	.byte 0x01, 0x00, 0x00, 0x00, 0x00, 0x00, 0x00, 0x00, 0x2c, 0x00, 0x00, 0x00, 0x00, 0x00, 0x00, 0x00 @ 080AA100
	.byte 0x12, 0x00, 0x00, 0x00, 0x01, 0x00, 0x00, 0x00, 0x00, 0x00, 0x00, 0x00, 0x18, 0x00, 0x00, 0x00 @ 080AA110
	.byte 0x0e, 0x00, 0x00, 0x00, 0x00, 0x00, 0x00, 0x00, 0x00, 0x00, 0x00, 0x00, 0x00, 0x00, 0x00, 0x00 @ 080AA120
	.byte 0x00, 0x00, 0x00, 0x00, 0x00, 0x00, 0x00, 0x00, 0x00, 0x00, 0x00, 0x00, 0x00, 0x00, 0x00, 0x00 @ 080AA130
	.byte 0x0c, 0x00, 0x00, 0x00, 0x01, 0x00, 0x00, 0x00, 0x01, 0x00, 0x00, 0x00, 0x00, 0x00, 0x00, 0x00 @ 080AA140
	.byte 0x0b, 0x00, 0x00, 0x00, 0x02, 0x00, 0x00, 0x00, 0x00, 0x00, 0x00, 0x00, 0x00, 0x00, 0x00, 0x00 @ 080AA150
	.byte 0x0d, 0x00, 0x00, 0x00, 0x00, 0x00, 0x00, 0x00, 0xd8, 0xff, 0xff, 0xff, 0x0c, 0x00, 0x00, 0x00 @ 080AA160
	.byte 0x0a, 0x00, 0x00, 0x00, 0x00, 0x00, 0x00, 0x00, 0x63, 0x04, 0x00, 0x00, 0x00, 0x00, 0x00, 0x00 @ 080AA170
	.byte 0x11, 0x00, 0x00, 0x00, 0x01, 0x00, 0x00, 0x00, 0xec, 0xff, 0xff, 0xff, 0x0c, 0x00, 0x00, 0x00 @ 080AA180
	.byte 0x02, 0x00, 0x00, 0x00, 0x00, 0x00, 0x00, 0x00, 0x2c, 0x00, 0x00, 0x00, 0x00, 0x00, 0x00, 0x00 @ 080AA190
	.byte 0x13, 0x00, 0x00, 0x00, 0x01, 0x00, 0x00, 0x00, 0x00, 0x00, 0x00, 0x00, 0x2c, 0x00, 0x00, 0x00 @ 080AA1A0
	.byte 0x0e, 0x00, 0x00, 0x00, 0x00, 0x00, 0x00, 0x00, 0x00, 0x00, 0x00, 0x00, 0x00, 0x00, 0x00, 0x00 @ 080AA1B0
	.byte 0x13, 0x00, 0x00, 0x00, 0x01, 0x00, 0x00, 0x00, 0x01, 0x00, 0x00, 0x00, 0x00, 0x00, 0x00, 0x00 @ 080AA1C0
	.byte 0x0e, 0x00, 0x00, 0x00, 0x00, 0x00, 0x00, 0x00, 0x00, 0x00, 0x00, 0x00, 0x00, 0x00, 0x00, 0x00 @ 080AA1D0
	.byte 0x0b, 0x00, 0x00, 0x00, 0x03, 0x00, 0x00, 0x00, 0x00, 0x00, 0x00, 0x00, 0x00, 0x00, 0x00, 0x00 @ 080AA1E0
	.byte 0x17, 0x00, 0x00, 0x00, 0x01, 0x00, 0x00, 0x00, 0x00, 0x00, 0x00, 0x00, 0x00, 0x00, 0x00, 0x00 @ 080AA1F0
	.byte 0x0b, 0x00, 0x00, 0x00, 0x05, 0x00, 0x00, 0x00, 0x00, 0x00, 0x00, 0x00, 0x00, 0x00, 0x00, 0x00 @ 080AA200
	.byte 0x09, 0x00, 0x00, 0x00, 0x00, 0x00, 0x00, 0x00, 0x00, 0x00, 0x00, 0x00, 0x00, 0x00, 0x00, 0x00 @ 080AA210
	.byte 0x0b, 0x00, 0x00, 0x00, 0x06, 0x00, 0x00, 0x00, 0x00, 0x00, 0x00, 0x00, 0x00, 0x00, 0x00, 0x00 @ 080AA220
	.byte 0x12, 0x00, 0x00, 0x00, 0x01, 0x00, 0x00, 0x00, 0x01, 0x00, 0x00, 0x00, 0x00, 0x00, 0x00, 0x00 @ 080AA230
	.byte 0x0e, 0x00, 0x00, 0x00, 0x00, 0x00, 0x00, 0x00, 0x00, 0x00, 0x00, 0x00, 0x00, 0x00, 0x00, 0x00 @ 080AA240
	.byte 0x01, 0x00, 0x00, 0x00, 0x00, 0x00, 0x00, 0x00, 0x2c, 0x00, 0x00, 0x00, 0x00, 0x00, 0x00, 0x00 @ 080AA250
	.byte 0x12, 0x00, 0x00, 0x00, 0x01, 0x00, 0x00, 0x00, 0x00, 0x00, 0x00, 0x00, 0x2c, 0x00, 0x00, 0x00 @ 080AA260
	.byte 0x0e, 0x00, 0x00, 0x00, 0x00, 0x00, 0x00, 0x00, 0x00, 0x00, 0x00, 0x00, 0x00, 0x00, 0x00, 0x00 @ 080AA270
	.byte 0x00, 0x00, 0x00, 0x00, 0x00, 0x00, 0x00, 0x00, 0x00, 0x00, 0x00, 0x00, 0x00, 0x00, 0x00, 0x00 @ 080AA280
	.byte 0x0c, 0x00, 0x00, 0x00, 0x02, 0x00, 0x00, 0x00, 0x00, 0x00, 0x00, 0x00, 0x00, 0x00, 0x00, 0x00 @ 080AA290
	.byte 0x0b, 0x00, 0x00, 0x00, 0x02, 0x00, 0x00, 0x00, 0x00, 0x00, 0x00, 0x00, 0x00, 0x00, 0x00, 0x00 @ 080AA2A0
	.byte 0x0d, 0x00, 0x00, 0x00, 0x00, 0x00, 0x00, 0x00, 0xf4, 0x00, 0x00, 0x00, 0x84, 0x00, 0x00, 0x00 @ 080AA2B0
	.byte 0x0a, 0x00, 0x00, 0x00, 0x00, 0x00, 0x00, 0x00, 0x7c, 0x04, 0x00, 0x00, 0x00, 0x00, 0x00, 0x00 @ 080AA2C0
	.byte 0x0d, 0x00, 0x00, 0x00, 0x01, 0x00, 0x00, 0x00, 0x2c, 0x01, 0x00, 0x00, 0x8c, 0x00, 0x00, 0x00 @ 080AA2D0
	.byte 0x0a, 0x00, 0x00, 0x00, 0x01, 0x00, 0x00, 0x00, 0x6e, 0x04, 0x00, 0x00, 0x01, 0x00, 0x00, 0x00 @ 080AA2E0
	.byte 0x01, 0x00, 0x00, 0x00, 0x01, 0x00, 0x00, 0x00, 0x24, 0x00, 0x00, 0x00, 0x00, 0x00, 0x00, 0x00 @ 080AA2F0
	.byte 0x01, 0x00, 0x00, 0x00, 0x00, 0x00, 0x00, 0x00, 0x18, 0x00, 0x00, 0x00, 0x00, 0x00, 0x00, 0x00 @ 080AA300
	.byte 0x0e, 0x00, 0x00, 0x00, 0x01, 0x00, 0x00, 0x00, 0x00, 0x00, 0x00, 0x00, 0x00, 0x00, 0x00, 0x00 @ 080AA310
	.byte 0x0f, 0x00, 0x00, 0x00, 0x01, 0x00, 0x00, 0x00, 0x00, 0x00, 0x00, 0x00, 0x00, 0x00, 0x00, 0x00 @ 080AA320
	.byte 0x0e, 0x00, 0x00, 0x00, 0x00, 0x00, 0x00, 0x00, 0x00, 0x00, 0x00, 0x00, 0x00, 0x00, 0x00, 0x00 @ 080AA330
	.byte 0x0b, 0x00, 0x00, 0x00, 0x03, 0x00, 0x00, 0x00, 0x00, 0x00, 0x00, 0x00, 0x00, 0x00, 0x00, 0x00 @ 080AA340
	.byte 0x05, 0x00, 0x00, 0x00, 0xd8, 0x00, 0x00, 0x00, 0x83, 0x00, 0x00, 0x00, 0x01, 0x00, 0x00, 0x00 @ 080AA350
	.byte 0x0f, 0x00, 0x00, 0x00, 0x01, 0x00, 0x00, 0x00, 0x01, 0x00, 0x00, 0x00, 0x00, 0x00, 0x00, 0x00 @ 080AA360
	.byte 0x0e, 0x00, 0x00, 0x00, 0x00, 0x00, 0x00, 0x00, 0x00, 0x00, 0x00, 0x00, 0x00, 0x00, 0x00, 0x00 @ 080AA370
	.byte 0x07, 0x00, 0x00, 0x00, 0x00, 0x00, 0x00, 0x00, 0x00, 0x00, 0x00, 0x00, 0x00, 0x00, 0x00, 0x00 @ 080AA380
	.byte 0x0f, 0x00, 0x00, 0x00, 0x01, 0x00, 0x00, 0x00, 0x02, 0x00, 0x00, 0x00, 0x00, 0x00, 0x00, 0x00 @ 080AA390
	.byte 0x0e, 0x00, 0x00, 0x00, 0x00, 0x00, 0x00, 0x00, 0x00, 0x00, 0x00, 0x00, 0x00, 0x00, 0x00, 0x00 @ 080AA3A0
	.byte 0x0b, 0x00, 0x00, 0x00, 0x05, 0x00, 0x00, 0x00, 0x00, 0x00, 0x00, 0x00, 0x00, 0x00, 0x00, 0x00 @ 080AA3B0
	.byte 0x09, 0x00, 0x00, 0x00, 0x00, 0x00, 0x00, 0x00, 0x00, 0x00, 0x00, 0x00, 0x00, 0x00, 0x00, 0x00 @ 080AA3C0
	.byte 0x0b, 0x00, 0x00, 0x00, 0x06, 0x00, 0x00, 0x00, 0x00, 0x00, 0x00, 0x00, 0x00, 0x00, 0x00, 0x00 @ 080AA3D0
	.byte 0x10, 0x00, 0x00, 0x00, 0x01, 0x00, 0x00, 0x00, 0x03, 0x00, 0x00, 0x00, 0x00, 0x00, 0x00, 0x00 @ 080AA3E0
	.byte 0x0e, 0x00, 0x00, 0x00, 0x00, 0x00, 0x00, 0x00, 0x00, 0x00, 0x00, 0x00, 0x00, 0x00, 0x00, 0x00 @ 080AA3F0
	.byte 0x02, 0x00, 0x00, 0x00, 0x00, 0x00, 0x00, 0x00, 0x14, 0x00, 0x00, 0x00, 0x00, 0x00, 0x00, 0x00 @ 080AA400
	.byte 0x02, 0x00, 0x00, 0x00, 0x01, 0x00, 0x00, 0x00, 0x24, 0x00, 0x00, 0x00, 0x00, 0x00, 0x00, 0x00 @ 080AA410
	.byte 0x0e, 0x00, 0x00, 0x00, 0x00, 0x00, 0x00, 0x00, 0x00, 0x00, 0x00, 0x00, 0x00, 0x00, 0x00, 0x00 @ 080AA420
	.byte 0x00, 0x00, 0x00, 0x00, 0x00, 0x00, 0x00, 0x00, 0x00, 0x00, 0x00, 0x00, 0x00, 0x00, 0x00, 0x00 @ 080AA430
	.byte 0x0c, 0x00, 0x00, 0x00, 0x02, 0x00, 0x00, 0x00, 0x00, 0x00, 0x00, 0x00, 0x00, 0x00, 0x00, 0x00 @ 080AA440
	.byte 0x0b, 0x00, 0x00, 0x00, 0x02, 0x00, 0x00, 0x00, 0x00, 0x00, 0x00, 0x00, 0x00, 0x00, 0x00, 0x00 @ 080AA450
	.byte 0x0d, 0x00, 0x00, 0x00, 0x00, 0x00, 0x00, 0x00, 0xec, 0xff, 0xff, 0xff, 0x24, 0x00, 0x00, 0x00 @ 080AA460
	.byte 0x0a, 0x00, 0x00, 0x00, 0x00, 0x00, 0x00, 0x00, 0x64, 0x04, 0x00, 0x00, 0x00, 0x00, 0x00, 0x00 @ 080AA470
	.byte 0x0d, 0x00, 0x00, 0x00, 0x01, 0x00, 0x00, 0x00, 0xc4, 0xff, 0xff, 0xff, 0x2c, 0x00, 0x00, 0x00 @ 080AA480
	.byte 0x0a, 0x00, 0x00, 0x00, 0x01, 0x00, 0x00, 0x00, 0x6f, 0x04, 0x00, 0x00, 0x01, 0x00, 0x00, 0x00 @ 080AA490
	.byte 0x02, 0x00, 0x00, 0x00, 0x01, 0x00, 0x00, 0x00, 0x24, 0x00, 0x00, 0x00, 0x00, 0x00, 0x00, 0x00 @ 080AA4A0
	.byte 0x02, 0x00, 0x00, 0x00, 0x00, 0x00, 0x00, 0x00, 0x18, 0x00, 0x00, 0x00, 0x00, 0x00, 0x00, 0x00 @ 080AA4B0
	.byte 0x0e, 0x00, 0x00, 0x00, 0x01, 0x00, 0x00, 0x00, 0x00, 0x00, 0x00, 0x00, 0x00, 0x00, 0x00, 0x00 @ 080AA4C0
	.byte 0x10, 0x00, 0x00, 0x00, 0x01, 0x00, 0x00, 0x00, 0x00, 0x00, 0x00, 0x00, 0x00, 0x00, 0x00, 0x00 @ 080AA4D0
	.byte 0x0e, 0x00, 0x00, 0x00, 0x00, 0x00, 0x00, 0x00, 0x00, 0x00, 0x00, 0x00, 0x00, 0x00, 0x00, 0x00 @ 080AA4E0
	.byte 0x0b, 0x00, 0x00, 0x00, 0x03, 0x00, 0x00, 0x00, 0x00, 0x00, 0x00, 0x00, 0x00, 0x00, 0x00, 0x00 @ 080AA4F0
	.byte 0x05, 0x00, 0x00, 0x00, 0x18, 0x00, 0x00, 0x00, 0x22, 0x00, 0x00, 0x00, 0x00, 0x00, 0x00, 0x00 @ 080AA500
	.byte 0x10, 0x00, 0x00, 0x00, 0x01, 0x00, 0x00, 0x00, 0x01, 0x00, 0x00, 0x00, 0x00, 0x00, 0x00, 0x00 @ 080AA510
	.byte 0x0e, 0x00, 0x00, 0x00, 0x00, 0x00, 0x00, 0x00, 0x00, 0x00, 0x00, 0x00, 0x00, 0x00, 0x00, 0x00 @ 080AA520
	.byte 0x18, 0x00, 0x00, 0x00, 0x00, 0x00, 0x00, 0x00, 0x00, 0x00, 0x00, 0x00, 0x00, 0x00, 0x00, 0x00 @ 080AA530
	.byte 0x10, 0x00, 0x00, 0x00, 0x01, 0x00, 0x00, 0x00, 0x02, 0x00, 0x00, 0x00, 0x00, 0x00, 0x00, 0x00 @ 080AA540
	.byte 0x0e, 0x00, 0x00, 0x00, 0x00, 0x00, 0x00, 0x00, 0x00, 0x00, 0x00, 0x00, 0x00, 0x00, 0x00, 0x00 @ 080AA550
	.byte 0x0b, 0x00, 0x00, 0x00, 0x05, 0x00, 0x00, 0x00, 0x00, 0x00, 0x00, 0x00, 0x00, 0x00, 0x00, 0x00 @ 080AA560
	.byte 0x09, 0x00, 0x00, 0x00, 0x00, 0x00, 0x00, 0x00, 0x00, 0x00, 0x00, 0x00, 0x00, 0x00, 0x00, 0x00 @ 080AA570
	.byte 0x0b, 0x00, 0x00, 0x00, 0x06, 0x00, 0x00, 0x00, 0x00, 0x00, 0x00, 0x00, 0x00, 0x00, 0x00, 0x00 @ 080AA580
	.byte 0x0f, 0x00, 0x00, 0x00, 0x01, 0x00, 0x00, 0x00, 0x03, 0x00, 0x00, 0x00, 0x00, 0x00, 0x00, 0x00 @ 080AA590
	.byte 0x0e, 0x00, 0x00, 0x00, 0x00, 0x00, 0x00, 0x00, 0x00, 0x00, 0x00, 0x00, 0x00, 0x00, 0x00, 0x00 @ 080AA5A0
	.byte 0x01, 0x00, 0x00, 0x00, 0x00, 0x00, 0x00, 0x00, 0x14, 0x00, 0x00, 0x00, 0x00, 0x00, 0x00, 0x00 @ 080AA5B0
	.byte 0x01, 0x00, 0x00, 0x00, 0x01, 0x00, 0x00, 0x00, 0x24, 0x00, 0x00, 0x00, 0x00, 0x00, 0x00, 0x00 @ 080AA5C0
	.byte 0x0e, 0x00, 0x00, 0x00, 0x00, 0x00, 0x00, 0x00, 0x00, 0x00, 0x00, 0x00, 0x00, 0x00, 0x00, 0x00 @ 080AA5D0
	.byte 0x00, 0x00, 0x00, 0x00, 0x00, 0x00, 0x00, 0x00, 0x00, 0x00, 0x00, 0x00, 0x00, 0x00, 0x00, 0x00 @ 080AA5E0
	.byte 0x0c, 0x00, 0x00, 0x00, 0x02, 0x00, 0x00, 0x00, 0x00, 0x00, 0x00, 0x00, 0x00, 0x00, 0x00, 0x00 @ 080AA5F0
	.byte 0x0b, 0x00, 0x00, 0x00, 0x02, 0x00, 0x00, 0x00, 0x00, 0x00, 0x00, 0x00, 0x00, 0x00, 0x00, 0x00 @ 080AA600
	.byte 0x0d, 0x00, 0x00, 0x00, 0x00, 0x00, 0x00, 0x00, 0xec, 0xff, 0xff, 0xff, 0x3c, 0x00, 0x00, 0x00 @ 080AA610
	.byte 0x0a, 0x00, 0x00, 0x00, 0x00, 0x00, 0x00, 0x00, 0x65, 0x04, 0x00, 0x00, 0x00, 0x00, 0x00, 0x00 @ 080AA620
	.byte 0x0d, 0x00, 0x00, 0x00, 0x01, 0x00, 0x00, 0x00, 0xc4, 0xff, 0xff, 0xff, 0x44, 0x00, 0x00, 0x00 @ 080AA630
	.byte 0x0a, 0x00, 0x00, 0x00, 0x01, 0x00, 0x00, 0x00, 0x6f, 0x04, 0x00, 0x00, 0x01, 0x00, 0x00, 0x00 @ 080AA640
	.byte 0x02, 0x00, 0x00, 0x00, 0x01, 0x00, 0x00, 0x00, 0x24, 0x00, 0x00, 0x00, 0x00, 0x00, 0x00, 0x00 @ 080AA650
	.byte 0x02, 0x00, 0x00, 0x00, 0x00, 0x00, 0x00, 0x00, 0x18, 0x00, 0x00, 0x00, 0x00, 0x00, 0x00, 0x00 @ 080AA660
	.byte 0x0e, 0x00, 0x00, 0x00, 0x01, 0x00, 0x00, 0x00, 0x00, 0x00, 0x00, 0x00, 0x00, 0x00, 0x00, 0x00 @ 080AA670
	.byte 0x10, 0x00, 0x00, 0x00, 0x01, 0x00, 0x00, 0x00, 0x00, 0x00, 0x00, 0x00, 0x00, 0x00, 0x00, 0x00 @ 080AA680
	.byte 0x0e, 0x00, 0x00, 0x00, 0x00, 0x00, 0x00, 0x00, 0x00, 0x00, 0x00, 0x00, 0x00, 0x00, 0x00, 0x00 @ 080AA690
	.byte 0x0b, 0x00, 0x00, 0x00, 0x03, 0x00, 0x00, 0x00, 0x00, 0x00, 0x00, 0x00, 0x00, 0x00, 0x00, 0x00 @ 080AA6A0
	.byte 0x05, 0x00, 0x00, 0x00, 0x18, 0x00, 0x00, 0x00, 0x3b, 0x00, 0x00, 0x00, 0x00, 0x00, 0x00, 0x00 @ 080AA6B0
	.byte 0x10, 0x00, 0x00, 0x00, 0x01, 0x00, 0x00, 0x00, 0x01, 0x00, 0x00, 0x00, 0x00, 0x00, 0x00, 0x00 @ 080AA6C0
	.byte 0x0e, 0x00, 0x00, 0x00, 0x00, 0x00, 0x00, 0x00, 0x00, 0x00, 0x00, 0x00, 0x00, 0x00, 0x00, 0x00 @ 080AA6D0
	.byte 0x18, 0x00, 0x00, 0x00, 0x00, 0x00, 0x00, 0x00, 0x00, 0x00, 0x00, 0x00, 0x00, 0x00, 0x00, 0x00 @ 080AA6E0
	.byte 0x10, 0x00, 0x00, 0x00, 0x01, 0x00, 0x00, 0x00, 0x02, 0x00, 0x00, 0x00, 0x00, 0x00, 0x00, 0x00 @ 080AA6F0
	.byte 0x0e, 0x00, 0x00, 0x00, 0x00, 0x00, 0x00, 0x00, 0x00, 0x00, 0x00, 0x00, 0x00, 0x00, 0x00, 0x00 @ 080AA700
	.byte 0x0b, 0x00, 0x00, 0x00, 0x05, 0x00, 0x00, 0x00, 0x00, 0x00, 0x00, 0x00, 0x00, 0x00, 0x00, 0x00 @ 080AA710
	.byte 0x09, 0x00, 0x00, 0x00, 0x00, 0x00, 0x00, 0x00, 0x00, 0x00, 0x00, 0x00, 0x00, 0x00, 0x00, 0x00 @ 080AA720
	.byte 0x0b, 0x00, 0x00, 0x00, 0x06, 0x00, 0x00, 0x00, 0x00, 0x00, 0x00, 0x00, 0x00, 0x00, 0x00, 0x00 @ 080AA730
	.byte 0x0f, 0x00, 0x00, 0x00, 0x01, 0x00, 0x00, 0x00, 0x03, 0x00, 0x00, 0x00, 0x00, 0x00, 0x00, 0x00 @ 080AA740
	.byte 0x0e, 0x00, 0x00, 0x00, 0x00, 0x00, 0x00, 0x00, 0x00, 0x00, 0x00, 0x00, 0x00, 0x00, 0x00, 0x00 @ 080AA750
	.byte 0x01, 0x00, 0x00, 0x00, 0x00, 0x00, 0x00, 0x00, 0x14, 0x00, 0x00, 0x00, 0x00, 0x00, 0x00, 0x00 @ 080AA760
	.byte 0x01, 0x00, 0x00, 0x00, 0x01, 0x00, 0x00, 0x00, 0x24, 0x00, 0x00, 0x00, 0x00, 0x00, 0x00, 0x00 @ 080AA770
	.byte 0x0e, 0x00, 0x00, 0x00, 0x00, 0x00, 0x00, 0x00, 0x00, 0x00, 0x00, 0x00, 0x00, 0x00, 0x00, 0x00 @ 080AA780
	.byte 0x00, 0x00, 0x00, 0x00, 0x00, 0x00, 0x00, 0x00, 0x00, 0x00, 0x00, 0x00, 0x00, 0x00, 0x00, 0x00 @ 080AA790
	.byte 0x0c, 0x00, 0x00, 0x00, 0x02, 0x00, 0x00, 0x00, 0x00, 0x00, 0x00, 0x00, 0x00, 0x00, 0x00, 0x00 @ 080AA7A0
	.byte 0x0b, 0x00, 0x00, 0x00, 0x02, 0x00, 0x00, 0x00, 0x00, 0x00, 0x00, 0x00, 0x00, 0x00, 0x00, 0x00 @ 080AA7B0
	.byte 0x0d, 0x00, 0x00, 0x00, 0x00, 0x00, 0x00, 0x00, 0xec, 0xff, 0xff, 0xff, 0x6c, 0x00, 0x00, 0x00 @ 080AA7C0
	.byte 0x0a, 0x00, 0x00, 0x00, 0x00, 0x00, 0x00, 0x00, 0x66, 0x04, 0x00, 0x00, 0x00, 0x00, 0x00, 0x00 @ 080AA7D0
	.byte 0x0d, 0x00, 0x00, 0x00, 0x01, 0x00, 0x00, 0x00, 0xc4, 0xff, 0xff, 0xff, 0x74, 0x00, 0x00, 0x00 @ 080AA7E0
	.byte 0x0a, 0x00, 0x00, 0x00, 0x01, 0x00, 0x00, 0x00, 0x6f, 0x04, 0x00, 0x00, 0x01, 0x00, 0x00, 0x00 @ 080AA7F0
	.byte 0x02, 0x00, 0x00, 0x00, 0x01, 0x00, 0x00, 0x00, 0x24, 0x00, 0x00, 0x00, 0x00, 0x00, 0x00, 0x00 @ 080AA800
	.byte 0x02, 0x00, 0x00, 0x00, 0x00, 0x00, 0x00, 0x00, 0x18, 0x00, 0x00, 0x00, 0x00, 0x00, 0x00, 0x00 @ 080AA810
	.byte 0x0e, 0x00, 0x00, 0x00, 0x01, 0x00, 0x00, 0x00, 0x00, 0x00, 0x00, 0x00, 0x00, 0x00, 0x00, 0x00 @ 080AA820
	.byte 0x10, 0x00, 0x00, 0x00, 0x01, 0x00, 0x00, 0x00, 0x00, 0x00, 0x00, 0x00, 0x00, 0x00, 0x00, 0x00 @ 080AA830
	.byte 0x0e, 0x00, 0x00, 0x00, 0x00, 0x00, 0x00, 0x00, 0x00, 0x00, 0x00, 0x00, 0x00, 0x00, 0x00, 0x00 @ 080AA840
	.byte 0x0b, 0x00, 0x00, 0x00, 0x03, 0x00, 0x00, 0x00, 0x00, 0x00, 0x00, 0x00, 0x00, 0x00, 0x00, 0x00 @ 080AA850
	.byte 0x05, 0x00, 0x00, 0x00, 0x18, 0x00, 0x00, 0x00, 0x6b, 0x00, 0x00, 0x00, 0x00, 0x00, 0x00, 0x00 @ 080AA860
	.byte 0x10, 0x00, 0x00, 0x00, 0x01, 0x00, 0x00, 0x00, 0x01, 0x00, 0x00, 0x00, 0x00, 0x00, 0x00, 0x00 @ 080AA870
	.byte 0x0e, 0x00, 0x00, 0x00, 0x00, 0x00, 0x00, 0x00, 0x00, 0x00, 0x00, 0x00, 0x00, 0x00, 0x00, 0x00 @ 080AA880
	.byte 0x18, 0x00, 0x00, 0x00, 0x00, 0x00, 0x00, 0x00, 0x00, 0x00, 0x00, 0x00, 0x00, 0x00, 0x00, 0x00 @ 080AA890
	.byte 0x10, 0x00, 0x00, 0x00, 0x01, 0x00, 0x00, 0x00, 0x02, 0x00, 0x00, 0x00, 0x00, 0x00, 0x00, 0x00 @ 080AA8A0
	.byte 0x0e, 0x00, 0x00, 0x00, 0x00, 0x00, 0x00, 0x00, 0x00, 0x00, 0x00, 0x00, 0x00, 0x00, 0x00, 0x00 @ 080AA8B0
	.byte 0x0b, 0x00, 0x00, 0x00, 0x05, 0x00, 0x00, 0x00, 0x00, 0x00, 0x00, 0x00, 0x00, 0x00, 0x00, 0x00 @ 080AA8C0
	.byte 0x09, 0x00, 0x00, 0x00, 0x00, 0x00, 0x00, 0x00, 0x00, 0x00, 0x00, 0x00, 0x00, 0x00, 0x00, 0x00 @ 080AA8D0
	.byte 0x0b, 0x00, 0x00, 0x00, 0x06, 0x00, 0x00, 0x00, 0x00, 0x00, 0x00, 0x00, 0x00, 0x00, 0x00, 0x00 @ 080AA8E0
	.byte 0x0f, 0x00, 0x00, 0x00, 0x01, 0x00, 0x00, 0x00, 0x03, 0x00, 0x00, 0x00, 0x00, 0x00, 0x00, 0x00 @ 080AA8F0
	.byte 0x0e, 0x00, 0x00, 0x00, 0x00, 0x00, 0x00, 0x00, 0x00, 0x00, 0x00, 0x00, 0x00, 0x00, 0x00, 0x00 @ 080AA900
	.byte 0x01, 0x00, 0x00, 0x00, 0x00, 0x00, 0x00, 0x00, 0x14, 0x00, 0x00, 0x00, 0x00, 0x00, 0x00, 0x00 @ 080AA910
	.byte 0x01, 0x00, 0x00, 0x00, 0x01, 0x00, 0x00, 0x00, 0x24, 0x00, 0x00, 0x00, 0x00, 0x00, 0x00, 0x00 @ 080AA920
	.byte 0x0e, 0x00, 0x00, 0x00, 0x00, 0x00, 0x00, 0x00, 0x00, 0x00, 0x00, 0x00, 0x00, 0x00, 0x00, 0x00 @ 080AA930
	.byte 0x00, 0x00, 0x00, 0x00, 0x00, 0x00, 0x00, 0x00, 0x00, 0x00, 0x00, 0x00, 0x00, 0x00, 0x00, 0x00 @ 080AA940
	.byte 0x0c, 0x00, 0x00, 0x00, 0x02, 0x00, 0x00, 0x00, 0x00, 0x00, 0x00, 0x00, 0x00, 0x00, 0x00, 0x00 @ 080AA950
	.byte 0x0b, 0x00, 0x00, 0x00, 0x02, 0x00, 0x00, 0x00, 0x00, 0x00, 0x00, 0x00, 0x00, 0x00, 0x00, 0x00 @ 080AA960
	.byte 0x0d, 0x00, 0x00, 0x00, 0x00, 0x00, 0x00, 0x00, 0xf4, 0x00, 0x00, 0x00, 0x0c, 0x00, 0x00, 0x00 @ 080AA970
	.byte 0x0a, 0x00, 0x00, 0x00, 0x00, 0x00, 0x00, 0x00, 0xb2, 0x04, 0x00, 0x00, 0x00, 0x00, 0x00, 0x00 @ 080AA980
	.byte 0x0d, 0x00, 0x00, 0x00, 0x01, 0x00, 0x00, 0x00, 0x2c, 0x01, 0x00, 0x00, 0x14, 0x00, 0x00, 0x00 @ 080AA990
	.byte 0x0a, 0x00, 0x00, 0x00, 0x01, 0x00, 0x00, 0x00, 0x6e, 0x04, 0x00, 0x00, 0x01, 0x00, 0x00, 0x00 @ 080AA9A0
	.byte 0x01, 0x00, 0x00, 0x00, 0x01, 0x00, 0x00, 0x00, 0x24, 0x00, 0x00, 0x00, 0x00, 0x00, 0x00, 0x00 @ 080AA9B0
	.byte 0x01, 0x00, 0x00, 0x00, 0x00, 0x00, 0x00, 0x00, 0x18, 0x00, 0x00, 0x00, 0x00, 0x00, 0x00, 0x00 @ 080AA9C0
	.byte 0x0e, 0x00, 0x00, 0x00, 0x01, 0x00, 0x00, 0x00, 0x00, 0x00, 0x00, 0x00, 0x00, 0x00, 0x00, 0x00 @ 080AA9D0
	.byte 0x0f, 0x00, 0x00, 0x00, 0x01, 0x00, 0x00, 0x00, 0x00, 0x00, 0x00, 0x00, 0x00, 0x00, 0x00, 0x00 @ 080AA9E0
	.byte 0x0e, 0x00, 0x00, 0x00, 0x00, 0x00, 0x00, 0x00, 0x00, 0x00, 0x00, 0x00, 0x00, 0x00, 0x00, 0x00 @ 080AA9F0
	.byte 0x0b, 0x00, 0x00, 0x00, 0x03, 0x00, 0x00, 0x00, 0x00, 0x00, 0x00, 0x00, 0x00, 0x00, 0x00, 0x00 @ 080AAA00
	.byte 0x05, 0x00, 0x00, 0x00, 0xd8, 0x00, 0x00, 0x00, 0x0b, 0x00, 0x00, 0x00, 0x01, 0x00, 0x00, 0x00 @ 080AAA10
	.byte 0x0f, 0x00, 0x00, 0x00, 0x01, 0x00, 0x00, 0x00, 0x01, 0x00, 0x00, 0x00, 0x00, 0x00, 0x00, 0x00 @ 080AAA20
	.byte 0x0e, 0x00, 0x00, 0x00, 0x00, 0x00, 0x00, 0x00, 0x00, 0x00, 0x00, 0x00, 0x00, 0x00, 0x00, 0x00 @ 080AAA30
	.byte 0x18, 0x00, 0x00, 0x00, 0x00, 0x00, 0x00, 0x00, 0x00, 0x00, 0x00, 0x00, 0x00, 0x00, 0x00, 0x00 @ 080AAA40
	.byte 0x0f, 0x00, 0x00, 0x00, 0x01, 0x00, 0x00, 0x00, 0x02, 0x00, 0x00, 0x00, 0x00, 0x00, 0x00, 0x00 @ 080AAA50
	.byte 0x0e, 0x00, 0x00, 0x00, 0x00, 0x00, 0x00, 0x00, 0x00, 0x00, 0x00, 0x00, 0x00, 0x00, 0x00, 0x00 @ 080AAA60
	.byte 0x0b, 0x00, 0x00, 0x00, 0x05, 0x00, 0x00, 0x00, 0x00, 0x00, 0x00, 0x00, 0x00, 0x00, 0x00, 0x00 @ 080AAA70
	.byte 0x09, 0x00, 0x00, 0x00, 0x00, 0x00, 0x00, 0x00, 0x00, 0x00, 0x00, 0x00, 0x00, 0x00, 0x00, 0x00 @ 080AAA80
	.byte 0x0b, 0x00, 0x00, 0x00, 0x06, 0x00, 0x00, 0x00, 0x00, 0x00, 0x00, 0x00, 0x00, 0x00, 0x00, 0x00 @ 080AAA90
	.byte 0x10, 0x00, 0x00, 0x00, 0x01, 0x00, 0x00, 0x00, 0x03, 0x00, 0x00, 0x00, 0x00, 0x00, 0x00, 0x00 @ 080AAAA0
	.byte 0x0e, 0x00, 0x00, 0x00, 0x00, 0x00, 0x00, 0x00, 0x00, 0x00, 0x00, 0x00, 0x00, 0x00, 0x00, 0x00 @ 080AAAB0
	.byte 0x02, 0x00, 0x00, 0x00, 0x00, 0x00, 0x00, 0x00, 0x14, 0x00, 0x00, 0x00, 0x00, 0x00, 0x00, 0x00 @ 080AAAC0
	.byte 0x02, 0x00, 0x00, 0x00, 0x01, 0x00, 0x00, 0x00, 0x24, 0x00, 0x00, 0x00, 0x00, 0x00, 0x00, 0x00 @ 080AAAD0
	.byte 0x0e, 0x00, 0x00, 0x00, 0x00, 0x00, 0x00, 0x00, 0x00, 0x00, 0x00, 0x00, 0x00, 0x00, 0x00, 0x00 @ 080AAAE0
	.byte 0x00, 0x00, 0x00, 0x00, 0x00, 0x00, 0x00, 0x00, 0x00, 0x00, 0x00, 0x00, 0x00, 0x00, 0x00, 0x00 @ 080AAAF0
	.byte 0x0c, 0x00, 0x00, 0x00, 0x02, 0x00, 0x00, 0x00, 0x00, 0x00, 0x00, 0x00, 0x00, 0x00, 0x00, 0x00 @ 080AAB00
	.byte 0x0b, 0x00, 0x00, 0x00, 0x02, 0x00, 0x00, 0x00, 0x00, 0x00, 0x00, 0x00, 0x00, 0x00, 0x00, 0x00 @ 080AAB10
	.byte 0x0d, 0x00, 0x00, 0x00, 0x00, 0x00, 0x00, 0x00, 0xf4, 0x00, 0x00, 0x00, 0x84, 0x00, 0x00, 0x00 @ 080AAB20
	.byte 0x0a, 0x00, 0x00, 0x00, 0x00, 0x00, 0x00, 0x00, 0x7d, 0x04, 0x00, 0x00, 0x00, 0x00, 0x00, 0x00 @ 080AAB30
	.byte 0x0d, 0x00, 0x00, 0x00, 0x01, 0x00, 0x00, 0x00, 0x2c, 0x01, 0x00, 0x00, 0x8c, 0x00, 0x00, 0x00 @ 080AAB40
	.byte 0x0a, 0x00, 0x00, 0x00, 0x01, 0x00, 0x00, 0x00, 0x6e, 0x04, 0x00, 0x00, 0x01, 0x00, 0x00, 0x00 @ 080AAB50
	.byte 0x01, 0x00, 0x00, 0x00, 0x01, 0x00, 0x00, 0x00, 0x24, 0x00, 0x00, 0x00, 0x00, 0x00, 0x00, 0x00 @ 080AAB60
	.byte 0x01, 0x00, 0x00, 0x00, 0x00, 0x00, 0x00, 0x00, 0x18, 0x00, 0x00, 0x00, 0x00, 0x00, 0x00, 0x00 @ 080AAB70
	.byte 0x0e, 0x00, 0x00, 0x00, 0x01, 0x00, 0x00, 0x00, 0x00, 0x00, 0x00, 0x00, 0x00, 0x00, 0x00, 0x00 @ 080AAB80
	.byte 0x0f, 0x00, 0x00, 0x00, 0x01, 0x00, 0x00, 0x00, 0x00, 0x00, 0x00, 0x00, 0x00, 0x00, 0x00, 0x00 @ 080AAB90
	.byte 0x0e, 0x00, 0x00, 0x00, 0x00, 0x00, 0x00, 0x00, 0x00, 0x00, 0x00, 0x00, 0x00, 0x00, 0x00, 0x00 @ 080AABA0
	.byte 0x0b, 0x00, 0x00, 0x00, 0x03, 0x00, 0x00, 0x00, 0x00, 0x00, 0x00, 0x00, 0x00, 0x00, 0x00, 0x00 @ 080AABB0
	.byte 0x05, 0x00, 0x00, 0x00, 0xd8, 0x00, 0x00, 0x00, 0x83, 0x00, 0x00, 0x00, 0x01, 0x00, 0x00, 0x00 @ 080AABC0
	.byte 0x0f, 0x00, 0x00, 0x00, 0x01, 0x00, 0x00, 0x00, 0x01, 0x00, 0x00, 0x00, 0x00, 0x00, 0x00, 0x00 @ 080AABD0
	.byte 0x0e, 0x00, 0x00, 0x00, 0x00, 0x00, 0x00, 0x00, 0x00, 0x00, 0x00, 0x00, 0x00, 0x00, 0x00, 0x00 @ 080AABE0
	.byte 0x07, 0x00, 0x00, 0x00, 0x00, 0x00, 0x00, 0x00, 0x00, 0x00, 0x00, 0x00, 0x00, 0x00, 0x00, 0x00 @ 080AABF0
	.byte 0x0f, 0x00, 0x00, 0x00, 0x01, 0x00, 0x00, 0x00, 0x02, 0x00, 0x00, 0x00, 0x00, 0x00, 0x00, 0x00 @ 080AAC00
	.byte 0x0e, 0x00, 0x00, 0x00, 0x00, 0x00, 0x00, 0x00, 0x00, 0x00, 0x00, 0x00, 0x00, 0x00, 0x00, 0x00 @ 080AAC10
	.byte 0x0b, 0x00, 0x00, 0x00, 0x05, 0x00, 0x00, 0x00, 0x00, 0x00, 0x00, 0x00, 0x00, 0x00, 0x00, 0x00 @ 080AAC20
	.byte 0x09, 0x00, 0x00, 0x00, 0x00, 0x00, 0x00, 0x00, 0x00, 0x00, 0x00, 0x00, 0x00, 0x00, 0x00, 0x00 @ 080AAC30
	.byte 0x0b, 0x00, 0x00, 0x00, 0x06, 0x00, 0x00, 0x00, 0x00, 0x00, 0x00, 0x00, 0x00, 0x00, 0x00, 0x00 @ 080AAC40
	.byte 0x10, 0x00, 0x00, 0x00, 0x01, 0x00, 0x00, 0x00, 0x03, 0x00, 0x00, 0x00, 0x00, 0x00, 0x00, 0x00 @ 080AAC50
	.byte 0x0e, 0x00, 0x00, 0x00, 0x00, 0x00, 0x00, 0x00, 0x00, 0x00, 0x00, 0x00, 0x00, 0x00, 0x00, 0x00 @ 080AAC60
	.byte 0x02, 0x00, 0x00, 0x00, 0x00, 0x00, 0x00, 0x00, 0x14, 0x00, 0x00, 0x00, 0x00, 0x00, 0x00, 0x00 @ 080AAC70
	.byte 0x02, 0x00, 0x00, 0x00, 0x01, 0x00, 0x00, 0x00, 0x24, 0x00, 0x00, 0x00, 0x00, 0x00, 0x00, 0x00 @ 080AAC80
	.byte 0x0e, 0x00, 0x00, 0x00, 0x00, 0x00, 0x00, 0x00, 0x00, 0x00, 0x00, 0x00, 0x00, 0x00, 0x00, 0x00 @ 080AAC90
	.byte 0x00, 0x00, 0x00, 0x00, 0x00, 0x00, 0x00, 0x00, 0x00, 0x00, 0x00, 0x00, 0x00, 0x00, 0x00, 0x00 @ 080AACA0
	.byte 0x0c, 0x00, 0x00, 0x00, 0x02, 0x00, 0x00, 0x00, 0x00, 0x00, 0x00, 0x00, 0x00, 0x00, 0x00, 0x00 @ 080AACB0
	.byte 0x0b, 0x00, 0x00, 0x00, 0x02, 0x00, 0x00, 0x00, 0x00, 0x00, 0x00, 0x00, 0x00, 0x00, 0x00, 0x00 @ 080AACC0
	.byte 0x0d, 0x00, 0x00, 0x00, 0x00, 0x00, 0x00, 0x00, 0xf4, 0x00, 0x00, 0x00, 0x84, 0x00, 0x00, 0x00 @ 080AACD0
	.byte 0x0a, 0x00, 0x00, 0x00, 0x00, 0x00, 0x00, 0x00, 0x7e, 0x04, 0x00, 0x00, 0x00, 0x00, 0x00, 0x00 @ 080AACE0
	.byte 0x0d, 0x00, 0x00, 0x00, 0x01, 0x00, 0x00, 0x00, 0x2c, 0x01, 0x00, 0x00, 0x8c, 0x00, 0x00, 0x00 @ 080AACF0
	.byte 0x0a, 0x00, 0x00, 0x00, 0x01, 0x00, 0x00, 0x00, 0x6e, 0x04, 0x00, 0x00, 0x01, 0x00, 0x00, 0x00 @ 080AAD00
	.byte 0x01, 0x00, 0x00, 0x00, 0x01, 0x00, 0x00, 0x00, 0x24, 0x00, 0x00, 0x00, 0x00, 0x00, 0x00, 0x00 @ 080AAD10
	.byte 0x01, 0x00, 0x00, 0x00, 0x00, 0x00, 0x00, 0x00, 0x18, 0x00, 0x00, 0x00, 0x00, 0x00, 0x00, 0x00 @ 080AAD20
	.byte 0x0e, 0x00, 0x00, 0x00, 0x01, 0x00, 0x00, 0x00, 0x00, 0x00, 0x00, 0x00, 0x00, 0x00, 0x00, 0x00 @ 080AAD30
	.byte 0x0f, 0x00, 0x00, 0x00, 0x01, 0x00, 0x00, 0x00, 0x00, 0x00, 0x00, 0x00, 0x00, 0x00, 0x00, 0x00 @ 080AAD40
	.byte 0x0e, 0x00, 0x00, 0x00, 0x00, 0x00, 0x00, 0x00, 0x00, 0x00, 0x00, 0x00, 0x00, 0x00, 0x00, 0x00 @ 080AAD50
	.byte 0x0b, 0x00, 0x00, 0x00, 0x03, 0x00, 0x00, 0x00, 0x00, 0x00, 0x00, 0x00, 0x00, 0x00, 0x00, 0x00 @ 080AAD60
	.byte 0x05, 0x00, 0x00, 0x00, 0xd8, 0x00, 0x00, 0x00, 0x83, 0x00, 0x00, 0x00, 0x01, 0x00, 0x00, 0x00 @ 080AAD70
	.byte 0x0f, 0x00, 0x00, 0x00, 0x01, 0x00, 0x00, 0x00, 0x01, 0x00, 0x00, 0x00, 0x00, 0x00, 0x00, 0x00 @ 080AAD80
	.byte 0x0e, 0x00, 0x00, 0x00, 0x00, 0x00, 0x00, 0x00, 0x00, 0x00, 0x00, 0x00, 0x00, 0x00, 0x00, 0x00 @ 080AAD90
	.byte 0x07, 0x00, 0x00, 0x00, 0x00, 0x00, 0x00, 0x00, 0x00, 0x00, 0x00, 0x00, 0x00, 0x00, 0x00, 0x00 @ 080AADA0
	.byte 0x0f, 0x00, 0x00, 0x00, 0x01, 0x00, 0x00, 0x00, 0x02, 0x00, 0x00, 0x00, 0x00, 0x00, 0x00, 0x00 @ 080AADB0
	.byte 0x0e, 0x00, 0x00, 0x00, 0x00, 0x00, 0x00, 0x00, 0x00, 0x00, 0x00, 0x00, 0x00, 0x00, 0x00, 0x00 @ 080AADC0
	.byte 0x0b, 0x00, 0x00, 0x00, 0x05, 0x00, 0x00, 0x00, 0x00, 0x00, 0x00, 0x00, 0x00, 0x00, 0x00, 0x00 @ 080AADD0
	.byte 0x09, 0x00, 0x00, 0x00, 0x00, 0x00, 0x00, 0x00, 0x00, 0x00, 0x00, 0x00, 0x00, 0x00, 0x00, 0x00 @ 080AADE0
	.byte 0x0b, 0x00, 0x00, 0x00, 0x06, 0x00, 0x00, 0x00, 0x00, 0x00, 0x00, 0x00, 0x00, 0x00, 0x00, 0x00 @ 080AADF0
	.byte 0x10, 0x00, 0x00, 0x00, 0x01, 0x00, 0x00, 0x00, 0x03, 0x00, 0x00, 0x00, 0x00, 0x00, 0x00, 0x00 @ 080AAE00
	.byte 0x0e, 0x00, 0x00, 0x00, 0x00, 0x00, 0x00, 0x00, 0x00, 0x00, 0x00, 0x00, 0x00, 0x00, 0x00, 0x00 @ 080AAE10
	.byte 0x02, 0x00, 0x00, 0x00, 0x00, 0x00, 0x00, 0x00, 0x14, 0x00, 0x00, 0x00, 0x00, 0x00, 0x00, 0x00 @ 080AAE20
	.byte 0x02, 0x00, 0x00, 0x00, 0x01, 0x00, 0x00, 0x00, 0x24, 0x00, 0x00, 0x00, 0x00, 0x00, 0x00, 0x00 @ 080AAE30
	.byte 0x0e, 0x00, 0x00, 0x00, 0x00, 0x00, 0x00, 0x00, 0x00, 0x00, 0x00, 0x00, 0x00, 0x00, 0x00, 0x00 @ 080AAE40
	.byte 0x00, 0x00, 0x00, 0x00, 0x00, 0x00, 0x00, 0x00, 0x00, 0x00, 0x00, 0x00, 0x00, 0x00, 0x00, 0x00 @ 080AAE50
	.byte 0x0c, 0x00, 0x00, 0x00, 0x02, 0x00, 0x00, 0x00, 0x00, 0x00, 0x00, 0x00, 0x00, 0x00, 0x00, 0x00 @ 080AAE60
	.byte 0x0b, 0x00, 0x00, 0x00, 0x02, 0x00, 0x00, 0x00, 0x00, 0x00, 0x00, 0x00, 0x00, 0x00, 0x00, 0x00 @ 080AAE70
	.byte 0x0d, 0x00, 0x00, 0x00, 0x00, 0x00, 0x00, 0x00, 0xf4, 0x00, 0x00, 0x00, 0x84, 0x00, 0x00, 0x00 @ 080AAE80
	.byte 0x0a, 0x00, 0x00, 0x00, 0x00, 0x00, 0x00, 0x00, 0x7f, 0x04, 0x00, 0x00, 0x00, 0x00, 0x00, 0x00 @ 080AAE90
	.byte 0x0d, 0x00, 0x00, 0x00, 0x01, 0x00, 0x00, 0x00, 0x2c, 0x01, 0x00, 0x00, 0x8c, 0x00, 0x00, 0x00 @ 080AAEA0
	.byte 0x0a, 0x00, 0x00, 0x00, 0x01, 0x00, 0x00, 0x00, 0x6e, 0x04, 0x00, 0x00, 0x01, 0x00, 0x00, 0x00 @ 080AAEB0
	.byte 0x01, 0x00, 0x00, 0x00, 0x01, 0x00, 0x00, 0x00, 0x24, 0x00, 0x00, 0x00, 0x00, 0x00, 0x00, 0x00 @ 080AAEC0
	.byte 0x01, 0x00, 0x00, 0x00, 0x00, 0x00, 0x00, 0x00, 0x18, 0x00, 0x00, 0x00, 0x00, 0x00, 0x00, 0x00 @ 080AAED0
	.byte 0x0e, 0x00, 0x00, 0x00, 0x01, 0x00, 0x00, 0x00, 0x00, 0x00, 0x00, 0x00, 0x00, 0x00, 0x00, 0x00 @ 080AAEE0
	.byte 0x0f, 0x00, 0x00, 0x00, 0x01, 0x00, 0x00, 0x00, 0x00, 0x00, 0x00, 0x00, 0x00, 0x00, 0x00, 0x00 @ 080AAEF0
	.byte 0x0e, 0x00, 0x00, 0x00, 0x00, 0x00, 0x00, 0x00, 0x00, 0x00, 0x00, 0x00, 0x00, 0x00, 0x00, 0x00 @ 080AAF00
	.byte 0x0b, 0x00, 0x00, 0x00, 0x03, 0x00, 0x00, 0x00, 0x00, 0x00, 0x00, 0x00, 0x00, 0x00, 0x00, 0x00 @ 080AAF10
	.byte 0x05, 0x00, 0x00, 0x00, 0xd8, 0x00, 0x00, 0x00, 0x83, 0x00, 0x00, 0x00, 0x01, 0x00, 0x00, 0x00 @ 080AAF20
	.byte 0x0f, 0x00, 0x00, 0x00, 0x01, 0x00, 0x00, 0x00, 0x01, 0x00, 0x00, 0x00, 0x00, 0x00, 0x00, 0x00 @ 080AAF30
	.byte 0x0e, 0x00, 0x00, 0x00, 0x00, 0x00, 0x00, 0x00, 0x00, 0x00, 0x00, 0x00, 0x00, 0x00, 0x00, 0x00 @ 080AAF40
	.byte 0x07, 0x00, 0x00, 0x00, 0x00, 0x00, 0x00, 0x00, 0x00, 0x00, 0x00, 0x00, 0x00, 0x00, 0x00, 0x00 @ 080AAF50
	.byte 0x0f, 0x00, 0x00, 0x00, 0x01, 0x00, 0x00, 0x00, 0x02, 0x00, 0x00, 0x00, 0x00, 0x00, 0x00, 0x00 @ 080AAF60
	.byte 0x0e, 0x00, 0x00, 0x00, 0x00, 0x00, 0x00, 0x00, 0x00, 0x00, 0x00, 0x00, 0x00, 0x00, 0x00, 0x00 @ 080AAF70
	.byte 0x0b, 0x00, 0x00, 0x00, 0x05, 0x00, 0x00, 0x00, 0x00, 0x00, 0x00, 0x00, 0x00, 0x00, 0x00, 0x00 @ 080AAF80
	.byte 0x09, 0x00, 0x00, 0x00, 0x00, 0x00, 0x00, 0x00, 0x00, 0x00, 0x00, 0x00, 0x00, 0x00, 0x00, 0x00 @ 080AAF90
	.byte 0x0b, 0x00, 0x00, 0x00, 0x06, 0x00, 0x00, 0x00, 0x00, 0x00, 0x00, 0x00, 0x00, 0x00, 0x00, 0x00 @ 080AAFA0
	.byte 0x10, 0x00, 0x00, 0x00, 0x01, 0x00, 0x00, 0x00, 0x03, 0x00, 0x00, 0x00, 0x00, 0x00, 0x00, 0x00 @ 080AAFB0
	.byte 0x0e, 0x00, 0x00, 0x00, 0x00, 0x00, 0x00, 0x00, 0x00, 0x00, 0x00, 0x00, 0x00, 0x00, 0x00, 0x00 @ 080AAFC0
	.byte 0x02, 0x00, 0x00, 0x00, 0x00, 0x00, 0x00, 0x00, 0x14, 0x00, 0x00, 0x00, 0x00, 0x00, 0x00, 0x00 @ 080AAFD0
	.byte 0x02, 0x00, 0x00, 0x00, 0x01, 0x00, 0x00, 0x00, 0x24, 0x00, 0x00, 0x00, 0x00, 0x00, 0x00, 0x00 @ 080AAFE0
	.byte 0x0e, 0x00, 0x00, 0x00, 0x00, 0x00, 0x00, 0x00, 0x00, 0x00, 0x00, 0x00, 0x00, 0x00, 0x00, 0x00 @ 080AAFF0
	.byte 0x00, 0x00, 0x00, 0x00, 0x00, 0x00, 0x00, 0x00, 0x00, 0x00, 0x00, 0x00, 0x00, 0x00, 0x00, 0x00 @ 080AB000
	.byte 0x0c, 0x00, 0x00, 0x00, 0x02, 0x00, 0x00, 0x00, 0x00, 0x00, 0x00, 0x00, 0x00, 0x00, 0x00, 0x00 @ 080AB010
	.byte 0x0b, 0x00, 0x00, 0x00, 0x02, 0x00, 0x00, 0x00, 0x00, 0x00, 0x00, 0x00, 0x00, 0x00, 0x00, 0x00 @ 080AB020
	.byte 0x0d, 0x00, 0x00, 0x00, 0x00, 0x00, 0x00, 0x00, 0xf4, 0x00, 0x00, 0x00, 0x84, 0x00, 0x00, 0x00 @ 080AB030
	.byte 0x0a, 0x00, 0x00, 0x00, 0x00, 0x00, 0x00, 0x00, 0x80, 0x04, 0x00, 0x00, 0x00, 0x00, 0x00, 0x00 @ 080AB040
	.byte 0x0d, 0x00, 0x00, 0x00, 0x01, 0x00, 0x00, 0x00, 0x2c, 0x01, 0x00, 0x00, 0x8c, 0x00, 0x00, 0x00 @ 080AB050
	.byte 0x0a, 0x00, 0x00, 0x00, 0x01, 0x00, 0x00, 0x00, 0x6e, 0x04, 0x00, 0x00, 0x01, 0x00, 0x00, 0x00 @ 080AB060
	.byte 0x01, 0x00, 0x00, 0x00, 0x01, 0x00, 0x00, 0x00, 0x24, 0x00, 0x00, 0x00, 0x00, 0x00, 0x00, 0x00 @ 080AB070
	.byte 0x01, 0x00, 0x00, 0x00, 0x00, 0x00, 0x00, 0x00, 0x18, 0x00, 0x00, 0x00, 0x00, 0x00, 0x00, 0x00 @ 080AB080
	.byte 0x0e, 0x00, 0x00, 0x00, 0x01, 0x00, 0x00, 0x00, 0x00, 0x00, 0x00, 0x00, 0x00, 0x00, 0x00, 0x00 @ 080AB090
	.byte 0x0f, 0x00, 0x00, 0x00, 0x01, 0x00, 0x00, 0x00, 0x00, 0x00, 0x00, 0x00, 0x00, 0x00, 0x00, 0x00 @ 080AB0A0
	.byte 0x0e, 0x00, 0x00, 0x00, 0x00, 0x00, 0x00, 0x00, 0x00, 0x00, 0x00, 0x00, 0x00, 0x00, 0x00, 0x00 @ 080AB0B0
	.byte 0x0b, 0x00, 0x00, 0x00, 0x03, 0x00, 0x00, 0x00, 0x00, 0x00, 0x00, 0x00, 0x00, 0x00, 0x00, 0x00 @ 080AB0C0
	.byte 0x05, 0x00, 0x00, 0x00, 0xd8, 0x00, 0x00, 0x00, 0x83, 0x00, 0x00, 0x00, 0x01, 0x00, 0x00, 0x00 @ 080AB0D0
	.byte 0x0f, 0x00, 0x00, 0x00, 0x01, 0x00, 0x00, 0x00, 0x01, 0x00, 0x00, 0x00, 0x00, 0x00, 0x00, 0x00 @ 080AB0E0
	.byte 0x0e, 0x00, 0x00, 0x00, 0x00, 0x00, 0x00, 0x00, 0x00, 0x00, 0x00, 0x00, 0x00, 0x00, 0x00, 0x00 @ 080AB0F0
	.byte 0x07, 0x00, 0x00, 0x00, 0x00, 0x00, 0x00, 0x00, 0x00, 0x00, 0x00, 0x00, 0x00, 0x00, 0x00, 0x00 @ 080AB100
	.byte 0x0f, 0x00, 0x00, 0x00, 0x01, 0x00, 0x00, 0x00, 0x02, 0x00, 0x00, 0x00, 0x00, 0x00, 0x00, 0x00 @ 080AB110
	.byte 0x0e, 0x00, 0x00, 0x00, 0x00, 0x00, 0x00, 0x00, 0x00, 0x00, 0x00, 0x00, 0x00, 0x00, 0x00, 0x00 @ 080AB120
	.byte 0x0b, 0x00, 0x00, 0x00, 0x05, 0x00, 0x00, 0x00, 0x00, 0x00, 0x00, 0x00, 0x00, 0x00, 0x00, 0x00 @ 080AB130
	.byte 0x09, 0x00, 0x00, 0x00, 0x00, 0x00, 0x00, 0x00, 0x00, 0x00, 0x00, 0x00, 0x00, 0x00, 0x00, 0x00 @ 080AB140
	.byte 0x0b, 0x00, 0x00, 0x00, 0x06, 0x00, 0x00, 0x00, 0x00, 0x00, 0x00, 0x00, 0x00, 0x00, 0x00, 0x00 @ 080AB150
	.byte 0x10, 0x00, 0x00, 0x00, 0x01, 0x00, 0x00, 0x00, 0x03, 0x00, 0x00, 0x00, 0x00, 0x00, 0x00, 0x00 @ 080AB160
	.byte 0x0e, 0x00, 0x00, 0x00, 0x00, 0x00, 0x00, 0x00, 0x00, 0x00, 0x00, 0x00, 0x00, 0x00, 0x00, 0x00 @ 080AB170
	.byte 0x02, 0x00, 0x00, 0x00, 0x00, 0x00, 0x00, 0x00, 0x14, 0x00, 0x00, 0x00, 0x00, 0x00, 0x00, 0x00 @ 080AB180
	.byte 0x02, 0x00, 0x00, 0x00, 0x01, 0x00, 0x00, 0x00, 0x24, 0x00, 0x00, 0x00, 0x00, 0x00, 0x00, 0x00 @ 080AB190
	.byte 0x0e, 0x00, 0x00, 0x00, 0x00, 0x00, 0x00, 0x00, 0x00, 0x00, 0x00, 0x00, 0x00, 0x00, 0x00, 0x00 @ 080AB1A0
	.byte 0x00, 0x00, 0x00, 0x00, 0x00, 0x00, 0x00, 0x00, 0x00, 0x00, 0x00, 0x00, 0x00, 0x00, 0x00, 0x00 @ 080AB1B0
	.byte 0x0c, 0x00, 0x00, 0x00, 0x02, 0x00, 0x00, 0x00, 0x00, 0x00, 0x00, 0x00, 0x00, 0x00, 0x00, 0x00 @ 080AB1C0
	.byte 0x0b, 0x00, 0x00, 0x00, 0x02, 0x00, 0x00, 0x00, 0x00, 0x00, 0x00, 0x00, 0x00, 0x00, 0x00, 0x00 @ 080AB1D0
	.byte 0x0d, 0x00, 0x00, 0x00, 0x00, 0x00, 0x00, 0x00, 0xf4, 0x00, 0x00, 0x00, 0x84, 0x00, 0x00, 0x00 @ 080AB1E0
	.byte 0x0a, 0x00, 0x00, 0x00, 0x00, 0x00, 0x00, 0x00, 0x81, 0x04, 0x00, 0x00, 0x00, 0x00, 0x00, 0x00 @ 080AB1F0
	.byte 0x0d, 0x00, 0x00, 0x00, 0x01, 0x00, 0x00, 0x00, 0x2c, 0x01, 0x00, 0x00, 0x8c, 0x00, 0x00, 0x00 @ 080AB200
	.byte 0x0a, 0x00, 0x00, 0x00, 0x01, 0x00, 0x00, 0x00, 0x6e, 0x04, 0x00, 0x00, 0x01, 0x00, 0x00, 0x00 @ 080AB210
	.byte 0x01, 0x00, 0x00, 0x00, 0x01, 0x00, 0x00, 0x00, 0x24, 0x00, 0x00, 0x00, 0x00, 0x00, 0x00, 0x00 @ 080AB220
	.byte 0x01, 0x00, 0x00, 0x00, 0x00, 0x00, 0x00, 0x00, 0x18, 0x00, 0x00, 0x00, 0x00, 0x00, 0x00, 0x00 @ 080AB230
	.byte 0x0e, 0x00, 0x00, 0x00, 0x01, 0x00, 0x00, 0x00, 0x00, 0x00, 0x00, 0x00, 0x00, 0x00, 0x00, 0x00 @ 080AB240
	.byte 0x0f, 0x00, 0x00, 0x00, 0x01, 0x00, 0x00, 0x00, 0x00, 0x00, 0x00, 0x00, 0x00, 0x00, 0x00, 0x00 @ 080AB250
	.byte 0x0e, 0x00, 0x00, 0x00, 0x00, 0x00, 0x00, 0x00, 0x00, 0x00, 0x00, 0x00, 0x00, 0x00, 0x00, 0x00 @ 080AB260
	.byte 0x0b, 0x00, 0x00, 0x00, 0x03, 0x00, 0x00, 0x00, 0x00, 0x00, 0x00, 0x00, 0x00, 0x00, 0x00, 0x00 @ 080AB270
	.byte 0x05, 0x00, 0x00, 0x00, 0xd8, 0x00, 0x00, 0x00, 0x83, 0x00, 0x00, 0x00, 0x01, 0x00, 0x00, 0x00 @ 080AB280
	.byte 0x0f, 0x00, 0x00, 0x00, 0x01, 0x00, 0x00, 0x00, 0x01, 0x00, 0x00, 0x00, 0x00, 0x00, 0x00, 0x00 @ 080AB290
	.byte 0x0e, 0x00, 0x00, 0x00, 0x00, 0x00, 0x00, 0x00, 0x00, 0x00, 0x00, 0x00, 0x00, 0x00, 0x00, 0x00 @ 080AB2A0
	.byte 0x07, 0x00, 0x00, 0x00, 0x00, 0x00, 0x00, 0x00, 0x00, 0x00, 0x00, 0x00, 0x00, 0x00, 0x00, 0x00 @ 080AB2B0
	.byte 0x0f, 0x00, 0x00, 0x00, 0x01, 0x00, 0x00, 0x00, 0x02, 0x00, 0x00, 0x00, 0x00, 0x00, 0x00, 0x00 @ 080AB2C0
	.byte 0x0e, 0x00, 0x00, 0x00, 0x00, 0x00, 0x00, 0x00, 0x00, 0x00, 0x00, 0x00, 0x00, 0x00, 0x00, 0x00 @ 080AB2D0
	.byte 0x0b, 0x00, 0x00, 0x00, 0x05, 0x00, 0x00, 0x00, 0x00, 0x00, 0x00, 0x00, 0x00, 0x00, 0x00, 0x00 @ 080AB2E0
	.byte 0x09, 0x00, 0x00, 0x00, 0x00, 0x00, 0x00, 0x00, 0x00, 0x00, 0x00, 0x00, 0x00, 0x00, 0x00, 0x00 @ 080AB2F0
	.byte 0x0b, 0x00, 0x00, 0x00, 0x06, 0x00, 0x00, 0x00, 0x00, 0x00, 0x00, 0x00, 0x00, 0x00, 0x00, 0x00 @ 080AB300
	.byte 0x10, 0x00, 0x00, 0x00, 0x01, 0x00, 0x00, 0x00, 0x03, 0x00, 0x00, 0x00, 0x00, 0x00, 0x00, 0x00 @ 080AB310
	.byte 0x0e, 0x00, 0x00, 0x00, 0x00, 0x00, 0x00, 0x00, 0x00, 0x00, 0x00, 0x00, 0x00, 0x00, 0x00, 0x00 @ 080AB320
	.byte 0x02, 0x00, 0x00, 0x00, 0x00, 0x00, 0x00, 0x00, 0x14, 0x00, 0x00, 0x00, 0x00, 0x00, 0x00, 0x00 @ 080AB330
	.byte 0x02, 0x00, 0x00, 0x00, 0x01, 0x00, 0x00, 0x00, 0x24, 0x00, 0x00, 0x00, 0x00, 0x00, 0x00, 0x00 @ 080AB340
	.byte 0x0e, 0x00, 0x00, 0x00, 0x00, 0x00, 0x00, 0x00, 0x00, 0x00, 0x00, 0x00, 0x00, 0x00, 0x00, 0x00 @ 080AB350
	.byte 0x00, 0x00, 0x00, 0x00, 0x00, 0x00, 0x00, 0x00, 0x00, 0x00, 0x00, 0x00, 0x00, 0x00, 0x00, 0x00 @ 080AB360
	.byte 0x0c, 0x00, 0x00, 0x00, 0x02, 0x00, 0x00, 0x00, 0x00, 0x00, 0x00, 0x00, 0x00, 0x00, 0x00, 0x00 @ 080AB370
	.byte 0x0b, 0x00, 0x00, 0x00, 0x02, 0x00, 0x00, 0x00, 0x00, 0x00, 0x00, 0x00, 0x00, 0x00, 0x00, 0x00 @ 080AB380
	.byte 0x0d, 0x00, 0x00, 0x00, 0x00, 0x00, 0x00, 0x00, 0xf4, 0x00, 0x00, 0x00, 0x0c, 0x00, 0x00, 0x00 @ 080AB390
	.byte 0x0a, 0x00, 0x00, 0x00, 0x00, 0x00, 0x00, 0x00, 0x6b, 0x04, 0x00, 0x00, 0x00, 0x00, 0x00, 0x00 @ 080AB3A0
	.byte 0x0d, 0x00, 0x00, 0x00, 0x01, 0x00, 0x00, 0x00, 0x2c, 0x01, 0x00, 0x00, 0x14, 0x00, 0x00, 0x00 @ 080AB3B0
	.byte 0x0a, 0x00, 0x00, 0x00, 0x01, 0x00, 0x00, 0x00, 0x6e, 0x04, 0x00, 0x00, 0x01, 0x00, 0x00, 0x00 @ 080AB3C0
	.byte 0x01, 0x00, 0x00, 0x00, 0x01, 0x00, 0x00, 0x00, 0x24, 0x00, 0x00, 0x00, 0x00, 0x00, 0x00, 0x00 @ 080AB3D0
	.byte 0x01, 0x00, 0x00, 0x00, 0x00, 0x00, 0x00, 0x00, 0x18, 0x00, 0x00, 0x00, 0x00, 0x00, 0x00, 0x00 @ 080AB3E0
	.byte 0x0e, 0x00, 0x00, 0x00, 0x01, 0x00, 0x00, 0x00, 0x00, 0x00, 0x00, 0x00, 0x00, 0x00, 0x00, 0x00 @ 080AB3F0
	.byte 0x0f, 0x00, 0x00, 0x00, 0x01, 0x00, 0x00, 0x00, 0x00, 0x00, 0x00, 0x00, 0x00, 0x00, 0x00, 0x00 @ 080AB400
	.byte 0x0e, 0x00, 0x00, 0x00, 0x00, 0x00, 0x00, 0x00, 0x00, 0x00, 0x00, 0x00, 0x00, 0x00, 0x00, 0x00 @ 080AB410
	.byte 0x0b, 0x00, 0x00, 0x00, 0x03, 0x00, 0x00, 0x00, 0x00, 0x00, 0x00, 0x00, 0x00, 0x00, 0x00, 0x00 @ 080AB420
	.byte 0x05, 0x00, 0x00, 0x00, 0xd8, 0x00, 0x00, 0x00, 0x0b, 0x00, 0x00, 0x00, 0x01, 0x00, 0x00, 0x00 @ 080AB430
	.byte 0x0f, 0x00, 0x00, 0x00, 0x01, 0x00, 0x00, 0x00, 0x01, 0x00, 0x00, 0x00, 0x00, 0x00, 0x00, 0x00 @ 080AB440
	.byte 0x0e, 0x00, 0x00, 0x00, 0x00, 0x00, 0x00, 0x00, 0x00, 0x00, 0x00, 0x00, 0x00, 0x00, 0x00, 0x00 @ 080AB450
	.byte 0x07, 0x00, 0x00, 0x00, 0x00, 0x00, 0x00, 0x00, 0x00, 0x00, 0x00, 0x00, 0x00, 0x00, 0x00, 0x00 @ 080AB460
	.byte 0x0f, 0x00, 0x00, 0x00, 0x01, 0x00, 0x00, 0x00, 0x02, 0x00, 0x00, 0x00, 0x00, 0x00, 0x00, 0x00 @ 080AB470
	.byte 0x0e, 0x00, 0x00, 0x00, 0x00, 0x00, 0x00, 0x00, 0x00, 0x00, 0x00, 0x00, 0x00, 0x00, 0x00, 0x00 @ 080AB480
	.byte 0x0b, 0x00, 0x00, 0x00, 0x05, 0x00, 0x00, 0x00, 0x00, 0x00, 0x00, 0x00, 0x00, 0x00, 0x00, 0x00 @ 080AB490
	.byte 0x09, 0x00, 0x00, 0x00, 0x00, 0x00, 0x00, 0x00, 0x00, 0x00, 0x00, 0x00, 0x00, 0x00, 0x00, 0x00 @ 080AB4A0
	.byte 0x0b, 0x00, 0x00, 0x00, 0x06, 0x00, 0x00, 0x00, 0x00, 0x00, 0x00, 0x00, 0x00, 0x00, 0x00, 0x00 @ 080AB4B0
	.byte 0x10, 0x00, 0x00, 0x00, 0x01, 0x00, 0x00, 0x00, 0x03, 0x00, 0x00, 0x00, 0x00, 0x00, 0x00, 0x00 @ 080AB4C0
	.byte 0x0e, 0x00, 0x00, 0x00, 0x00, 0x00, 0x00, 0x00, 0x00, 0x00, 0x00, 0x00, 0x00, 0x00, 0x00, 0x00 @ 080AB4D0
	.byte 0x02, 0x00, 0x00, 0x00, 0x00, 0x00, 0x00, 0x00, 0x14, 0x00, 0x00, 0x00, 0x00, 0x00, 0x00, 0x00 @ 080AB4E0
	.byte 0x02, 0x00, 0x00, 0x00, 0x01, 0x00, 0x00, 0x00, 0x24, 0x00, 0x00, 0x00, 0x00, 0x00, 0x00, 0x00 @ 080AB4F0
	.byte 0x0e, 0x00, 0x00, 0x00, 0x00, 0x00, 0x00, 0x00, 0x00, 0x00, 0x00, 0x00, 0x00, 0x00, 0x00, 0x00 @ 080AB500
	.byte 0x00, 0x00, 0x00, 0x00, 0x00, 0x00, 0x00, 0x00, 0x00, 0x00, 0x00, 0x00, 0x00, 0x00, 0x00, 0x00 @ 080AB510
	.byte 0x0c, 0x00, 0x00, 0x00, 0x02, 0x00, 0x00, 0x00, 0x00, 0x00, 0x00, 0x00, 0x00, 0x00, 0x00, 0x00 @ 080AB520
	.byte 0x0b, 0x00, 0x00, 0x00, 0x02, 0x00, 0x00, 0x00, 0x00, 0x00, 0x00, 0x00, 0x00, 0x00, 0x00, 0x00 @ 080AB530
	.byte 0x0d, 0x00, 0x00, 0x00, 0x00, 0x00, 0x00, 0x00, 0xf4, 0x00, 0x00, 0x00, 0x24, 0x00, 0x00, 0x00 @ 080AB540
	.byte 0x0a, 0x00, 0x00, 0x00, 0x00, 0x00, 0x00, 0x00, 0x6a, 0x04, 0x00, 0x00, 0x00, 0x00, 0x00, 0x00 @ 080AB550
	.byte 0x0d, 0x00, 0x00, 0x00, 0x01, 0x00, 0x00, 0x00, 0x2c, 0x01, 0x00, 0x00, 0x2c, 0x00, 0x00, 0x00 @ 080AB560
	.byte 0x0a, 0x00, 0x00, 0x00, 0x01, 0x00, 0x00, 0x00, 0x6e, 0x04, 0x00, 0x00, 0x01, 0x00, 0x00, 0x00 @ 080AB570
	.byte 0x01, 0x00, 0x00, 0x00, 0x01, 0x00, 0x00, 0x00, 0x24, 0x00, 0x00, 0x00, 0x00, 0x00, 0x00, 0x00 @ 080AB580
	.byte 0x01, 0x00, 0x00, 0x00, 0x00, 0x00, 0x00, 0x00, 0x18, 0x00, 0x00, 0x00, 0x00, 0x00, 0x00, 0x00 @ 080AB590
	.byte 0x0e, 0x00, 0x00, 0x00, 0x01, 0x00, 0x00, 0x00, 0x00, 0x00, 0x00, 0x00, 0x00, 0x00, 0x00, 0x00 @ 080AB5A0
	.byte 0x0f, 0x00, 0x00, 0x00, 0x01, 0x00, 0x00, 0x00, 0x00, 0x00, 0x00, 0x00, 0x00, 0x00, 0x00, 0x00 @ 080AB5B0
	.byte 0x0e, 0x00, 0x00, 0x00, 0x00, 0x00, 0x00, 0x00, 0x00, 0x00, 0x00, 0x00, 0x00, 0x00, 0x00, 0x00 @ 080AB5C0
	.byte 0x0b, 0x00, 0x00, 0x00, 0x03, 0x00, 0x00, 0x00, 0x00, 0x00, 0x00, 0x00, 0x00, 0x00, 0x00, 0x00 @ 080AB5D0
	.byte 0x05, 0x00, 0x00, 0x00, 0xd8, 0x00, 0x00, 0x00, 0x22, 0x00, 0x00, 0x00, 0x01, 0x00, 0x00, 0x00 @ 080AB5E0
	.byte 0x0f, 0x00, 0x00, 0x00, 0x01, 0x00, 0x00, 0x00, 0x01, 0x00, 0x00, 0x00, 0x00, 0x00, 0x00, 0x00 @ 080AB5F0
	.byte 0x0e, 0x00, 0x00, 0x00, 0x00, 0x00, 0x00, 0x00, 0x00, 0x00, 0x00, 0x00, 0x00, 0x00, 0x00, 0x00 @ 080AB600
	.byte 0x07, 0x00, 0x00, 0x00, 0x00, 0x00, 0x00, 0x00, 0x00, 0x00, 0x00, 0x00, 0x00, 0x00, 0x00, 0x00 @ 080AB610
	.byte 0x0f, 0x00, 0x00, 0x00, 0x01, 0x00, 0x00, 0x00, 0x02, 0x00, 0x00, 0x00, 0x00, 0x00, 0x00, 0x00 @ 080AB620
	.byte 0x0e, 0x00, 0x00, 0x00, 0x00, 0x00, 0x00, 0x00, 0x00, 0x00, 0x00, 0x00, 0x00, 0x00, 0x00, 0x00 @ 080AB630
	.byte 0x0b, 0x00, 0x00, 0x00, 0x05, 0x00, 0x00, 0x00, 0x00, 0x00, 0x00, 0x00, 0x00, 0x00, 0x00, 0x00 @ 080AB640
	.byte 0x09, 0x00, 0x00, 0x00, 0x00, 0x00, 0x00, 0x00, 0x00, 0x00, 0x00, 0x00, 0x00, 0x00, 0x00, 0x00 @ 080AB650
	.byte 0x0b, 0x00, 0x00, 0x00, 0x06, 0x00, 0x00, 0x00, 0x00, 0x00, 0x00, 0x00, 0x00, 0x00, 0x00, 0x00 @ 080AB660
	.byte 0x10, 0x00, 0x00, 0x00, 0x01, 0x00, 0x00, 0x00, 0x03, 0x00, 0x00, 0x00, 0x00, 0x00, 0x00, 0x00 @ 080AB670
	.byte 0x0e, 0x00, 0x00, 0x00, 0x00, 0x00, 0x00, 0x00, 0x00, 0x00, 0x00, 0x00, 0x00, 0x00, 0x00, 0x00 @ 080AB680
	.byte 0x02, 0x00, 0x00, 0x00, 0x00, 0x00, 0x00, 0x00, 0x14, 0x00, 0x00, 0x00, 0x00, 0x00, 0x00, 0x00 @ 080AB690
	.byte 0x02, 0x00, 0x00, 0x00, 0x01, 0x00, 0x00, 0x00, 0x24, 0x00, 0x00, 0x00, 0x00, 0x00, 0x00, 0x00 @ 080AB6A0
	.byte 0x0e, 0x00, 0x00, 0x00, 0x00, 0x00, 0x00, 0x00, 0x00, 0x00, 0x00, 0x00, 0x00, 0x00, 0x00, 0x00 @ 080AB6B0
	.byte 0x00, 0x00, 0x00, 0x00, 0x00, 0x00, 0x00, 0x00, 0x00, 0x00, 0x00, 0x00, 0x00, 0x00, 0x00, 0x00 @ 080AB6C0
	.byte 0x0c, 0x00, 0x00, 0x00, 0x02, 0x00, 0x00, 0x00, 0x00, 0x00, 0x00, 0x00, 0x00, 0x00, 0x00, 0x00 @ 080AB6D0
	.byte 0x0b, 0x00, 0x00, 0x00, 0x02, 0x00, 0x00, 0x00, 0x00, 0x00, 0x00, 0x00, 0x00, 0x00, 0x00, 0x00 @ 080AB6E0
	.byte 0x0d, 0x00, 0x00, 0x00, 0x00, 0x00, 0x00, 0x00, 0xf4, 0x00, 0x00, 0x00, 0x3c, 0x00, 0x00, 0x00 @ 080AB6F0
	.byte 0x0a, 0x00, 0x00, 0x00, 0x00, 0x00, 0x00, 0x00, 0x72, 0x04, 0x00, 0x00, 0x00, 0x00, 0x00, 0x00 @ 080AB700
	.byte 0x0d, 0x00, 0x00, 0x00, 0x01, 0x00, 0x00, 0x00, 0x2c, 0x01, 0x00, 0x00, 0x44, 0x00, 0x00, 0x00 @ 080AB710
	.byte 0x0a, 0x00, 0x00, 0x00, 0x01, 0x00, 0x00, 0x00, 0x6e, 0x04, 0x00, 0x00, 0x01, 0x00, 0x00, 0x00 @ 080AB720
	.byte 0x01, 0x00, 0x00, 0x00, 0x01, 0x00, 0x00, 0x00, 0x24, 0x00, 0x00, 0x00, 0x00, 0x00, 0x00, 0x00 @ 080AB730
	.byte 0x01, 0x00, 0x00, 0x00, 0x00, 0x00, 0x00, 0x00, 0x18, 0x00, 0x00, 0x00, 0x00, 0x00, 0x00, 0x00 @ 080AB740
	.byte 0x0e, 0x00, 0x00, 0x00, 0x01, 0x00, 0x00, 0x00, 0x00, 0x00, 0x00, 0x00, 0x00, 0x00, 0x00, 0x00 @ 080AB750
	.byte 0x0f, 0x00, 0x00, 0x00, 0x01, 0x00, 0x00, 0x00, 0x00, 0x00, 0x00, 0x00, 0x00, 0x00, 0x00, 0x00 @ 080AB760
	.byte 0x0e, 0x00, 0x00, 0x00, 0x00, 0x00, 0x00, 0x00, 0x00, 0x00, 0x00, 0x00, 0x00, 0x00, 0x00, 0x00 @ 080AB770
	.byte 0x0b, 0x00, 0x00, 0x00, 0x03, 0x00, 0x00, 0x00, 0x00, 0x00, 0x00, 0x00, 0x00, 0x00, 0x00, 0x00 @ 080AB780
	.byte 0x05, 0x00, 0x00, 0x00, 0xd8, 0x00, 0x00, 0x00, 0x3b, 0x00, 0x00, 0x00, 0x01, 0x00, 0x00, 0x00 @ 080AB790
	.byte 0x0f, 0x00, 0x00, 0x00, 0x01, 0x00, 0x00, 0x00, 0x01, 0x00, 0x00, 0x00, 0x00, 0x00, 0x00, 0x00 @ 080AB7A0
	.byte 0x0e, 0x00, 0x00, 0x00, 0x00, 0x00, 0x00, 0x00, 0x00, 0x00, 0x00, 0x00, 0x00, 0x00, 0x00, 0x00 @ 080AB7B0
	.byte 0x07, 0x00, 0x00, 0x00, 0x00, 0x00, 0x00, 0x00, 0x00, 0x00, 0x00, 0x00, 0x00, 0x00, 0x00, 0x00 @ 080AB7C0
	.byte 0x0f, 0x00, 0x00, 0x00, 0x01, 0x00, 0x00, 0x00, 0x02, 0x00, 0x00, 0x00, 0x00, 0x00, 0x00, 0x00 @ 080AB7D0
	.byte 0x0e, 0x00, 0x00, 0x00, 0x00, 0x00, 0x00, 0x00, 0x00, 0x00, 0x00, 0x00, 0x00, 0x00, 0x00, 0x00 @ 080AB7E0
	.byte 0x0b, 0x00, 0x00, 0x00, 0x05, 0x00, 0x00, 0x00, 0x00, 0x00, 0x00, 0x00, 0x00, 0x00, 0x00, 0x00 @ 080AB7F0
	.byte 0x09, 0x00, 0x00, 0x00, 0x00, 0x00, 0x00, 0x00, 0x00, 0x00, 0x00, 0x00, 0x00, 0x00, 0x00, 0x00 @ 080AB800
	.byte 0x0b, 0x00, 0x00, 0x00, 0x06, 0x00, 0x00, 0x00, 0x00, 0x00, 0x00, 0x00, 0x00, 0x00, 0x00, 0x00 @ 080AB810
	.byte 0x10, 0x00, 0x00, 0x00, 0x01, 0x00, 0x00, 0x00, 0x03, 0x00, 0x00, 0x00, 0x00, 0x00, 0x00, 0x00 @ 080AB820
	.byte 0x0e, 0x00, 0x00, 0x00, 0x00, 0x00, 0x00, 0x00, 0x00, 0x00, 0x00, 0x00, 0x00, 0x00, 0x00, 0x00 @ 080AB830
	.byte 0x02, 0x00, 0x00, 0x00, 0x00, 0x00, 0x00, 0x00, 0x14, 0x00, 0x00, 0x00, 0x00, 0x00, 0x00, 0x00 @ 080AB840
	.byte 0x02, 0x00, 0x00, 0x00, 0x01, 0x00, 0x00, 0x00, 0x24, 0x00, 0x00, 0x00, 0x00, 0x00, 0x00, 0x00 @ 080AB850
	.byte 0x0e, 0x00, 0x00, 0x00, 0x00, 0x00, 0x00, 0x00, 0x00, 0x00, 0x00, 0x00, 0x00, 0x00, 0x00, 0x00 @ 080AB860
	.byte 0x00, 0x00, 0x00, 0x00, 0x00, 0x00, 0x00, 0x00, 0x00, 0x00, 0x00, 0x00, 0x00, 0x00, 0x00, 0x00 @ 080AB870
	.byte 0x0c, 0x00, 0x00, 0x00, 0x02, 0x00, 0x00, 0x00, 0x00, 0x00, 0x00, 0x00, 0x00, 0x00, 0x00, 0x00 @ 080AB880
	.byte 0x0b, 0x00, 0x00, 0x00, 0x02, 0x00, 0x00, 0x00, 0x00, 0x00, 0x00, 0x00, 0x00, 0x00, 0x00, 0x00 @ 080AB890
	.byte 0x0d, 0x00, 0x00, 0x00, 0x00, 0x00, 0x00, 0x00, 0xf4, 0x00, 0x00, 0x00, 0x84, 0x00, 0x00, 0x00 @ 080AB8A0
	.byte 0x0a, 0x00, 0x00, 0x00, 0x00, 0x00, 0x00, 0x00, 0x83, 0x04, 0x00, 0x00, 0x00, 0x00, 0x00, 0x00 @ 080AB8B0
	.byte 0x0d, 0x00, 0x00, 0x00, 0x01, 0x00, 0x00, 0x00, 0x2c, 0x01, 0x00, 0x00, 0x8c, 0x00, 0x00, 0x00 @ 080AB8C0
	.byte 0x0a, 0x00, 0x00, 0x00, 0x01, 0x00, 0x00, 0x00, 0x6e, 0x04, 0x00, 0x00, 0x01, 0x00, 0x00, 0x00 @ 080AB8D0
	.byte 0x01, 0x00, 0x00, 0x00, 0x01, 0x00, 0x00, 0x00, 0x24, 0x00, 0x00, 0x00, 0x00, 0x00, 0x00, 0x00 @ 080AB8E0
	.byte 0x01, 0x00, 0x00, 0x00, 0x00, 0x00, 0x00, 0x00, 0x18, 0x00, 0x00, 0x00, 0x00, 0x00, 0x00, 0x00 @ 080AB8F0
	.byte 0x0e, 0x00, 0x00, 0x00, 0x01, 0x00, 0x00, 0x00, 0x00, 0x00, 0x00, 0x00, 0x00, 0x00, 0x00, 0x00 @ 080AB900
	.byte 0x0f, 0x00, 0x00, 0x00, 0x01, 0x00, 0x00, 0x00, 0x00, 0x00, 0x00, 0x00, 0x00, 0x00, 0x00, 0x00 @ 080AB910
	.byte 0x0e, 0x00, 0x00, 0x00, 0x00, 0x00, 0x00, 0x00, 0x00, 0x00, 0x00, 0x00, 0x00, 0x00, 0x00, 0x00 @ 080AB920
	.byte 0x0b, 0x00, 0x00, 0x00, 0x03, 0x00, 0x00, 0x00, 0x00, 0x00, 0x00, 0x00, 0x00, 0x00, 0x00, 0x00 @ 080AB930
	.byte 0x05, 0x00, 0x00, 0x00, 0xd8, 0x00, 0x00, 0x00, 0x83, 0x00, 0x00, 0x00, 0x01, 0x00, 0x00, 0x00 @ 080AB940
	.byte 0x0f, 0x00, 0x00, 0x00, 0x01, 0x00, 0x00, 0x00, 0x01, 0x00, 0x00, 0x00, 0x00, 0x00, 0x00, 0x00 @ 080AB950
	.byte 0x0e, 0x00, 0x00, 0x00, 0x00, 0x00, 0x00, 0x00, 0x00, 0x00, 0x00, 0x00, 0x00, 0x00, 0x00, 0x00 @ 080AB960
	.byte 0x18, 0x00, 0x00, 0x00, 0x00, 0x00, 0x00, 0x00, 0x00, 0x00, 0x00, 0x00, 0x00, 0x00, 0x00, 0x00 @ 080AB970
	.byte 0x0f, 0x00, 0x00, 0x00, 0x01, 0x00, 0x00, 0x00, 0x02, 0x00, 0x00, 0x00, 0x00, 0x00, 0x00, 0x00 @ 080AB980
	.byte 0x0e, 0x00, 0x00, 0x00, 0x00, 0x00, 0x00, 0x00, 0x00, 0x00, 0x00, 0x00, 0x00, 0x00, 0x00, 0x00 @ 080AB990
	.byte 0x0b, 0x00, 0x00, 0x00, 0x05, 0x00, 0x00, 0x00, 0x00, 0x00, 0x00, 0x00, 0x00, 0x00, 0x00, 0x00 @ 080AB9A0
	.byte 0x09, 0x00, 0x00, 0x00, 0x00, 0x00, 0x00, 0x00, 0x00, 0x00, 0x00, 0x00, 0x00, 0x00, 0x00, 0x00 @ 080AB9B0
	.byte 0x0b, 0x00, 0x00, 0x00, 0x06, 0x00, 0x00, 0x00, 0x00, 0x00, 0x00, 0x00, 0x00, 0x00, 0x00, 0x00 @ 080AB9C0
	.byte 0x10, 0x00, 0x00, 0x00, 0x01, 0x00, 0x00, 0x00, 0x03, 0x00, 0x00, 0x00, 0x00, 0x00, 0x00, 0x00 @ 080AB9D0
	.byte 0x0e, 0x00, 0x00, 0x00, 0x00, 0x00, 0x00, 0x00, 0x00, 0x00, 0x00, 0x00, 0x00, 0x00, 0x00, 0x00 @ 080AB9E0
	.byte 0x02, 0x00, 0x00, 0x00, 0x00, 0x00, 0x00, 0x00, 0x14, 0x00, 0x00, 0x00, 0x00, 0x00, 0x00, 0x00 @ 080AB9F0
	.byte 0x02, 0x00, 0x00, 0x00, 0x01, 0x00, 0x00, 0x00, 0x24, 0x00, 0x00, 0x00, 0x00, 0x00, 0x00, 0x00 @ 080ABA00
	.byte 0x0e, 0x00, 0x00, 0x00, 0x00, 0x00, 0x00, 0x00, 0x00, 0x00, 0x00, 0x00, 0x00, 0x00, 0x00, 0x00 @ 080ABA10
	.byte 0x00, 0x00, 0x00, 0x00, 0x00, 0x00, 0x00, 0x00, 0x00, 0x00, 0x00, 0x00, 0x00, 0x00, 0x00, 0x00 @ 080ABA20
	.byte 0x0c, 0x00, 0x00, 0x00, 0x02, 0x00, 0x00, 0x00, 0x00, 0x00, 0x00, 0x00, 0x00, 0x00, 0x00, 0x00 @ 080ABA30
	.byte 0x0b, 0x00, 0x00, 0x00, 0x02, 0x00, 0x00, 0x00, 0x00, 0x00, 0x00, 0x00, 0x00, 0x00, 0x00, 0x00 @ 080ABA40
	.byte 0x0d, 0x00, 0x00, 0x00, 0x00, 0x00, 0x00, 0x00, 0xf4, 0x00, 0x00, 0x00, 0x24, 0x00, 0x00, 0x00 @ 080ABA50
	.byte 0x0a, 0x00, 0x00, 0x00, 0x00, 0x00, 0x00, 0x00, 0x6b, 0x04, 0x00, 0x00, 0x00, 0x00, 0x00, 0x00 @ 080ABA60
	.byte 0x0d, 0x00, 0x00, 0x00, 0x01, 0x00, 0x00, 0x00, 0x44, 0x01, 0x00, 0x00, 0x2c, 0x00, 0x00, 0x00 @ 080ABA70
	.byte 0x0a, 0x00, 0x00, 0x00, 0x01, 0x00, 0x00, 0x00, 0x6c, 0x04, 0x00, 0x00, 0x01, 0x00, 0x00, 0x00 @ 080ABA80
	.byte 0x01, 0x00, 0x00, 0x00, 0x01, 0x00, 0x00, 0x00, 0x24, 0x00, 0x00, 0x00, 0x00, 0x00, 0x00, 0x00 @ 080ABA90
	.byte 0x01, 0x00, 0x00, 0x00, 0x00, 0x00, 0x00, 0x00, 0x18, 0x00, 0x00, 0x00, 0x00, 0x00, 0x00, 0x00 @ 080ABAA0
	.byte 0x0e, 0x00, 0x00, 0x00, 0x01, 0x00, 0x00, 0x00, 0x00, 0x00, 0x00, 0x00, 0x00, 0x00, 0x00, 0x00 @ 080ABAB0
	.byte 0x1b, 0x00, 0x00, 0x00, 0x01, 0x00, 0x00, 0x00, 0x00, 0x00, 0x00, 0x00, 0x00, 0x00, 0x00, 0x00 @ 080ABAC0
	.byte 0x0e, 0x00, 0x00, 0x00, 0x00, 0x00, 0x00, 0x00, 0x00, 0x00, 0x00, 0x00, 0x00, 0x00, 0x00, 0x00 @ 080ABAD0
	.byte 0x0b, 0x00, 0x00, 0x00, 0x04, 0x00, 0x00, 0x00, 0x00, 0x00, 0x00, 0x00, 0x00, 0x00, 0x00, 0x00 @ 080ABAE0
	.byte 0x1d, 0x00, 0x00, 0x00, 0xd8, 0x00, 0x00, 0x00, 0x22, 0x00, 0x00, 0x00, 0x01, 0x00, 0x00, 0x00 @ 080ABAF0
	.byte 0x1b, 0x00, 0x00, 0x00, 0x01, 0x00, 0x00, 0x00, 0x01, 0x00, 0x00, 0x00, 0x00, 0x00, 0x00, 0x00 @ 080ABB00
	.byte 0x0e, 0x00, 0x00, 0x00, 0x00, 0x00, 0x00, 0x00, 0x00, 0x00, 0x00, 0x00, 0x00, 0x00, 0x00, 0x00 @ 080ABB10
	.byte 0x07, 0x00, 0x00, 0x00, 0x00, 0x00, 0x00, 0x00, 0x00, 0x00, 0x00, 0x00, 0x00, 0x00, 0x00, 0x00 @ 080ABB20
	.byte 0x1b, 0x00, 0x00, 0x00, 0x01, 0x00, 0x00, 0x00, 0x02, 0x00, 0x00, 0x00, 0x00, 0x00, 0x00, 0x00 @ 080ABB30
	.byte 0x0e, 0x00, 0x00, 0x00, 0x00, 0x00, 0x00, 0x00, 0x00, 0x00, 0x00, 0x00, 0x00, 0x00, 0x00, 0x00 @ 080ABB40
	.byte 0x0b, 0x00, 0x00, 0x00, 0x05, 0x00, 0x00, 0x00, 0x00, 0x00, 0x00, 0x00, 0x00, 0x00, 0x00, 0x00 @ 080ABB50
	.byte 0x09, 0x00, 0x00, 0x00, 0x00, 0x00, 0x00, 0x00, 0x00, 0x00, 0x00, 0x00, 0x00, 0x00, 0x00, 0x00 @ 080ABB60
	.byte 0x0b, 0x00, 0x00, 0x00, 0x06, 0x00, 0x00, 0x00, 0x00, 0x00, 0x00, 0x00, 0x00, 0x00, 0x00, 0x00 @ 080ABB70
	.byte 0x1c, 0x00, 0x00, 0x00, 0x01, 0x00, 0x00, 0x00, 0x03, 0x00, 0x00, 0x00, 0x00, 0x00, 0x00, 0x00 @ 080ABB80
	.byte 0x0e, 0x00, 0x00, 0x00, 0x00, 0x00, 0x00, 0x00, 0x00, 0x00, 0x00, 0x00, 0x00, 0x00, 0x00, 0x00 @ 080ABB90
	.byte 0x02, 0x00, 0x00, 0x00, 0x00, 0x00, 0x00, 0x00, 0x14, 0x00, 0x00, 0x00, 0x00, 0x00, 0x00, 0x00 @ 080ABBA0
	.byte 0x02, 0x00, 0x00, 0x00, 0x01, 0x00, 0x00, 0x00, 0x24, 0x00, 0x00, 0x00, 0x00, 0x00, 0x00, 0x00 @ 080ABBB0
	.byte 0x0e, 0x00, 0x00, 0x00, 0x00, 0x00, 0x00, 0x00, 0x00, 0x00, 0x00, 0x00, 0x00, 0x00, 0x00, 0x00 @ 080ABBC0
	.byte 0x00, 0x00, 0x00, 0x00, 0x00, 0x00, 0x00, 0x00, 0x00, 0x00, 0x00, 0x00, 0x00, 0x00, 0x00, 0x00 @ 080ABBD0
	.byte 0x0c, 0x00, 0x00, 0x00, 0x02, 0x00, 0x00, 0x00, 0x00, 0x00, 0x00, 0x00, 0x00, 0x00, 0x00, 0x00 @ 080ABBE0
	.byte 0x0b, 0x00, 0x00, 0x00, 0x02, 0x00, 0x00, 0x00, 0x00, 0x00, 0x00, 0x00, 0x00, 0x00, 0x00, 0x00 @ 080ABBF0
	.byte 0x0d, 0x00, 0x00, 0x00, 0x00, 0x00, 0x00, 0x00, 0xf4, 0x00, 0x00, 0x00, 0x3c, 0x00, 0x00, 0x00 @ 080ABC00
	.byte 0x0a, 0x00, 0x00, 0x00, 0x00, 0x00, 0x00, 0x00, 0x6a, 0x04, 0x00, 0x00, 0x00, 0x00, 0x00, 0x00 @ 080ABC10
	.byte 0x0d, 0x00, 0x00, 0x00, 0x01, 0x00, 0x00, 0x00, 0x44, 0x01, 0x00, 0x00, 0x44, 0x00, 0x00, 0x00 @ 080ABC20
	.byte 0x0a, 0x00, 0x00, 0x00, 0x01, 0x00, 0x00, 0x00, 0x6c, 0x04, 0x00, 0x00, 0x01, 0x00, 0x00, 0x00 @ 080ABC30
	.byte 0x01, 0x00, 0x00, 0x00, 0x01, 0x00, 0x00, 0x00, 0x24, 0x00, 0x00, 0x00, 0x00, 0x00, 0x00, 0x00 @ 080ABC40
	.byte 0x01, 0x00, 0x00, 0x00, 0x00, 0x00, 0x00, 0x00, 0x18, 0x00, 0x00, 0x00, 0x00, 0x00, 0x00, 0x00 @ 080ABC50
	.byte 0x0e, 0x00, 0x00, 0x00, 0x01, 0x00, 0x00, 0x00, 0x00, 0x00, 0x00, 0x00, 0x00, 0x00, 0x00, 0x00 @ 080ABC60
	.byte 0x1b, 0x00, 0x00, 0x00, 0x01, 0x00, 0x00, 0x00, 0x00, 0x00, 0x00, 0x00, 0x00, 0x00, 0x00, 0x00 @ 080ABC70
	.byte 0x0e, 0x00, 0x00, 0x00, 0x00, 0x00, 0x00, 0x00, 0x00, 0x00, 0x00, 0x00, 0x00, 0x00, 0x00, 0x00 @ 080ABC80
	.byte 0x0b, 0x00, 0x00, 0x00, 0x04, 0x00, 0x00, 0x00, 0x00, 0x00, 0x00, 0x00, 0x00, 0x00, 0x00, 0x00 @ 080ABC90
	.byte 0x1d, 0x00, 0x00, 0x00, 0xd8, 0x00, 0x00, 0x00, 0x3b, 0x00, 0x00, 0x00, 0x01, 0x00, 0x00, 0x00 @ 080ABCA0
	.byte 0x1b, 0x00, 0x00, 0x00, 0x01, 0x00, 0x00, 0x00, 0x01, 0x00, 0x00, 0x00, 0x00, 0x00, 0x00, 0x00 @ 080ABCB0
	.byte 0x0e, 0x00, 0x00, 0x00, 0x00, 0x00, 0x00, 0x00, 0x00, 0x00, 0x00, 0x00, 0x00, 0x00, 0x00, 0x00 @ 080ABCC0
	.byte 0x07, 0x00, 0x00, 0x00, 0x00, 0x00, 0x00, 0x00, 0x00, 0x00, 0x00, 0x00, 0x00, 0x00, 0x00, 0x00 @ 080ABCD0
	.byte 0x1b, 0x00, 0x00, 0x00, 0x01, 0x00, 0x00, 0x00, 0x02, 0x00, 0x00, 0x00, 0x00, 0x00, 0x00, 0x00 @ 080ABCE0
	.byte 0x0e, 0x00, 0x00, 0x00, 0x00, 0x00, 0x00, 0x00, 0x00, 0x00, 0x00, 0x00, 0x00, 0x00, 0x00, 0x00 @ 080ABCF0
	.byte 0x0b, 0x00, 0x00, 0x00, 0x05, 0x00, 0x00, 0x00, 0x00, 0x00, 0x00, 0x00, 0x00, 0x00, 0x00, 0x00 @ 080ABD00
	.byte 0x09, 0x00, 0x00, 0x00, 0x00, 0x00, 0x00, 0x00, 0x00, 0x00, 0x00, 0x00, 0x00, 0x00, 0x00, 0x00 @ 080ABD10
	.byte 0x0b, 0x00, 0x00, 0x00, 0x06, 0x00, 0x00, 0x00, 0x00, 0x00, 0x00, 0x00, 0x00, 0x00, 0x00, 0x00 @ 080ABD20
	.byte 0x1c, 0x00, 0x00, 0x00, 0x01, 0x00, 0x00, 0x00, 0x03, 0x00, 0x00, 0x00, 0x00, 0x00, 0x00, 0x00 @ 080ABD30
	.byte 0x0e, 0x00, 0x00, 0x00, 0x00, 0x00, 0x00, 0x00, 0x00, 0x00, 0x00, 0x00, 0x00, 0x00, 0x00, 0x00 @ 080ABD40
	.byte 0x02, 0x00, 0x00, 0x00, 0x00, 0x00, 0x00, 0x00, 0x14, 0x00, 0x00, 0x00, 0x00, 0x00, 0x00, 0x00 @ 080ABD50
	.byte 0x02, 0x00, 0x00, 0x00, 0x01, 0x00, 0x00, 0x00, 0x24, 0x00, 0x00, 0x00, 0x00, 0x00, 0x00, 0x00 @ 080ABD60
	.byte 0x0e, 0x00, 0x00, 0x00, 0x00, 0x00, 0x00, 0x00, 0x00, 0x00, 0x00, 0x00, 0x00, 0x00, 0x00, 0x00 @ 080ABD70
	.byte 0x00, 0x00, 0x00, 0x00, 0x00, 0x00, 0x00, 0x00, 0x00, 0x00, 0x00, 0x00, 0x00, 0x00, 0x00, 0x00 @ 080ABD80
	.byte 0x0c, 0x00, 0x00, 0x00, 0x02, 0x00, 0x00, 0x00, 0x00, 0x00, 0x00, 0x00, 0x00, 0x00, 0x00, 0x00 @ 080ABD90
	.byte 0x0b, 0x00, 0x00, 0x00, 0x02, 0x00, 0x00, 0x00, 0x00, 0x00, 0x00, 0x00, 0x00, 0x00, 0x00, 0x00 @ 080ABDA0
	.byte 0x0d, 0x00, 0x00, 0x00, 0x00, 0x00, 0x00, 0x00, 0xf4, 0x00, 0x00, 0x00, 0x54, 0x00, 0x00, 0x00 @ 080ABDB0
	.byte 0x0a, 0x00, 0x00, 0x00, 0x00, 0x00, 0x00, 0x00, 0x72, 0x04, 0x00, 0x00, 0x00, 0x00, 0x00, 0x00 @ 080ABDC0
	.byte 0x0d, 0x00, 0x00, 0x00, 0x01, 0x00, 0x00, 0x00, 0x44, 0x01, 0x00, 0x00, 0x5c, 0x00, 0x00, 0x00 @ 080ABDD0
	.byte 0x0a, 0x00, 0x00, 0x00, 0x01, 0x00, 0x00, 0x00, 0x6c, 0x04, 0x00, 0x00, 0x01, 0x00, 0x00, 0x00 @ 080ABDE0
	.byte 0x01, 0x00, 0x00, 0x00, 0x01, 0x00, 0x00, 0x00, 0x24, 0x00, 0x00, 0x00, 0x00, 0x00, 0x00, 0x00 @ 080ABDF0
	.byte 0x01, 0x00, 0x00, 0x00, 0x00, 0x00, 0x00, 0x00, 0x18, 0x00, 0x00, 0x00, 0x00, 0x00, 0x00, 0x00 @ 080ABE00
	.byte 0x0e, 0x00, 0x00, 0x00, 0x01, 0x00, 0x00, 0x00, 0x00, 0x00, 0x00, 0x00, 0x00, 0x00, 0x00, 0x00 @ 080ABE10
	.byte 0x1b, 0x00, 0x00, 0x00, 0x01, 0x00, 0x00, 0x00, 0x00, 0x00, 0x00, 0x00, 0x00, 0x00, 0x00, 0x00 @ 080ABE20
	.byte 0x0e, 0x00, 0x00, 0x00, 0x00, 0x00, 0x00, 0x00, 0x00, 0x00, 0x00, 0x00, 0x00, 0x00, 0x00, 0x00 @ 080ABE30
	.byte 0x0b, 0x00, 0x00, 0x00, 0x04, 0x00, 0x00, 0x00, 0x00, 0x00, 0x00, 0x00, 0x00, 0x00, 0x00, 0x00 @ 080ABE40
	.byte 0x1d, 0x00, 0x00, 0x00, 0xd8, 0x00, 0x00, 0x00, 0x53, 0x00, 0x00, 0x00, 0x01, 0x00, 0x00, 0x00 @ 080ABE50
	.byte 0x1b, 0x00, 0x00, 0x00, 0x01, 0x00, 0x00, 0x00, 0x01, 0x00, 0x00, 0x00, 0x00, 0x00, 0x00, 0x00 @ 080ABE60
	.byte 0x0e, 0x00, 0x00, 0x00, 0x00, 0x00, 0x00, 0x00, 0x00, 0x00, 0x00, 0x00, 0x00, 0x00, 0x00, 0x00 @ 080ABE70
	.byte 0x18, 0x00, 0x00, 0x00, 0x00, 0x00, 0x00, 0x00, 0x00, 0x00, 0x00, 0x00, 0x00, 0x00, 0x00, 0x00 @ 080ABE80
	.byte 0x1b, 0x00, 0x00, 0x00, 0x01, 0x00, 0x00, 0x00, 0x02, 0x00, 0x00, 0x00, 0x00, 0x00, 0x00, 0x00 @ 080ABE90
	.byte 0x0e, 0x00, 0x00, 0x00, 0x00, 0x00, 0x00, 0x00, 0x00, 0x00, 0x00, 0x00, 0x00, 0x00, 0x00, 0x00 @ 080ABEA0
	.byte 0x0b, 0x00, 0x00, 0x00, 0x05, 0x00, 0x00, 0x00, 0x00, 0x00, 0x00, 0x00, 0x00, 0x00, 0x00, 0x00 @ 080ABEB0
	.byte 0x09, 0x00, 0x00, 0x00, 0x00, 0x00, 0x00, 0x00, 0x00, 0x00, 0x00, 0x00, 0x00, 0x00, 0x00, 0x00 @ 080ABEC0
	.byte 0x0b, 0x00, 0x00, 0x00, 0x06, 0x00, 0x00, 0x00, 0x00, 0x00, 0x00, 0x00, 0x00, 0x00, 0x00, 0x00 @ 080ABED0
	.byte 0x1c, 0x00, 0x00, 0x00, 0x01, 0x00, 0x00, 0x00, 0x03, 0x00, 0x00, 0x00, 0x00, 0x00, 0x00, 0x00 @ 080ABEE0
	.byte 0x0e, 0x00, 0x00, 0x00, 0x00, 0x00, 0x00, 0x00, 0x00, 0x00, 0x00, 0x00, 0x00, 0x00, 0x00, 0x00 @ 080ABEF0
	.byte 0x02, 0x00, 0x00, 0x00, 0x00, 0x00, 0x00, 0x00, 0x14, 0x00, 0x00, 0x00, 0x00, 0x00, 0x00, 0x00 @ 080ABF00
	.byte 0x02, 0x00, 0x00, 0x00, 0x01, 0x00, 0x00, 0x00, 0x24, 0x00, 0x00, 0x00, 0x00, 0x00, 0x00, 0x00 @ 080ABF10
	.byte 0x0e, 0x00, 0x00, 0x00, 0x00, 0x00, 0x00, 0x00, 0x00, 0x00, 0x00, 0x00, 0x00, 0x00, 0x00, 0x00 @ 080ABF20
	.byte 0x00, 0x00, 0x00, 0x00, 0x00, 0x00, 0x00, 0x00, 0x00, 0x00, 0x00, 0x00, 0x00, 0x00, 0x00, 0x00 @ 080ABF30
	.byte 0x0c, 0x00, 0x00, 0x00, 0x02, 0x00, 0x00, 0x00, 0x00, 0x00, 0x00, 0x00, 0x00, 0x00, 0x00, 0x00 @ 080ABF40
	.byte 0x0b, 0x00, 0x00, 0x00, 0x02, 0x00, 0x00, 0x00, 0x00, 0x00, 0x00, 0x00, 0x00, 0x00, 0x00, 0x00 @ 080ABF50
	.byte 0x0d, 0x00, 0x00, 0x00, 0x00, 0x00, 0x00, 0x00, 0xf4, 0x00, 0x00, 0x00, 0x6c, 0x00, 0x00, 0x00 @ 080ABF60
	.byte 0x0a, 0x00, 0x00, 0x00, 0x00, 0x00, 0x00, 0x00, 0x83, 0x04, 0x00, 0x00, 0x00, 0x00, 0x00, 0x00 @ 080ABF70
	.byte 0x0d, 0x00, 0x00, 0x00, 0x01, 0x00, 0x00, 0x00, 0x44, 0x01, 0x00, 0x00, 0x74, 0x00, 0x00, 0x00 @ 080ABF80
	.byte 0x0a, 0x00, 0x00, 0x00, 0x01, 0x00, 0x00, 0x00, 0x6c, 0x04, 0x00, 0x00, 0x01, 0x00, 0x00, 0x00 @ 080ABF90
	.byte 0x01, 0x00, 0x00, 0x00, 0x01, 0x00, 0x00, 0x00, 0x24, 0x00, 0x00, 0x00, 0x00, 0x00, 0x00, 0x00 @ 080ABFA0
	.byte 0x01, 0x00, 0x00, 0x00, 0x00, 0x00, 0x00, 0x00, 0x18, 0x00, 0x00, 0x00, 0x00, 0x00, 0x00, 0x00 @ 080ABFB0
	.byte 0x0e, 0x00, 0x00, 0x00, 0x01, 0x00, 0x00, 0x00, 0x00, 0x00, 0x00, 0x00, 0x00, 0x00, 0x00, 0x00 @ 080ABFC0
	.byte 0x1b, 0x00, 0x00, 0x00, 0x01, 0x00, 0x00, 0x00, 0x00, 0x00, 0x00, 0x00, 0x00, 0x00, 0x00, 0x00 @ 080ABFD0
	.byte 0x0e, 0x00, 0x00, 0x00, 0x00, 0x00, 0x00, 0x00, 0x00, 0x00, 0x00, 0x00, 0x00, 0x00, 0x00, 0x00 @ 080ABFE0
	.byte 0x0b, 0x00, 0x00, 0x00, 0x04, 0x00, 0x00, 0x00, 0x00, 0x00, 0x00, 0x00, 0x00, 0x00, 0x00, 0x00 @ 080ABFF0
	.byte 0x1d, 0x00, 0x00, 0x00, 0xd8, 0x00, 0x00, 0x00, 0x6b, 0x00, 0x00, 0x00, 0x01, 0x00, 0x00, 0x00 @ 080AC000
	.byte 0x1b, 0x00, 0x00, 0x00, 0x01, 0x00, 0x00, 0x00, 0x01, 0x00, 0x00, 0x00, 0x00, 0x00, 0x00, 0x00 @ 080AC010
	.byte 0x0e, 0x00, 0x00, 0x00, 0x00, 0x00, 0x00, 0x00, 0x00, 0x00, 0x00, 0x00, 0x00, 0x00, 0x00, 0x00 @ 080AC020
	.byte 0x18, 0x00, 0x00, 0x00, 0x00, 0x00, 0x00, 0x00, 0x00, 0x00, 0x00, 0x00, 0x00, 0x00, 0x00, 0x00 @ 080AC030
	.byte 0x1b, 0x00, 0x00, 0x00, 0x01, 0x00, 0x00, 0x00, 0x02, 0x00, 0x00, 0x00, 0x00, 0x00, 0x00, 0x00 @ 080AC040
	.byte 0x0e, 0x00, 0x00, 0x00, 0x00, 0x00, 0x00, 0x00, 0x00, 0x00, 0x00, 0x00, 0x00, 0x00, 0x00, 0x00 @ 080AC050
	.byte 0x0b, 0x00, 0x00, 0x00, 0x05, 0x00, 0x00, 0x00, 0x00, 0x00, 0x00, 0x00, 0x00, 0x00, 0x00, 0x00 @ 080AC060
	.byte 0x09, 0x00, 0x00, 0x00, 0x00, 0x00, 0x00, 0x00, 0x00, 0x00, 0x00, 0x00, 0x00, 0x00, 0x00, 0x00 @ 080AC070
	.byte 0x0b, 0x00, 0x00, 0x00, 0x06, 0x00, 0x00, 0x00, 0x00, 0x00, 0x00, 0x00, 0x00, 0x00, 0x00, 0x00 @ 080AC080
	.byte 0x1c, 0x00, 0x00, 0x00, 0x01, 0x00, 0x00, 0x00, 0x03, 0x00, 0x00, 0x00, 0x00, 0x00, 0x00, 0x00 @ 080AC090
	.byte 0x0e, 0x00, 0x00, 0x00, 0x00, 0x00, 0x00, 0x00, 0x00, 0x00, 0x00, 0x00, 0x00, 0x00, 0x00, 0x00 @ 080AC0A0
	.byte 0x02, 0x00, 0x00, 0x00, 0x00, 0x00, 0x00, 0x00, 0x14, 0x00, 0x00, 0x00, 0x00, 0x00, 0x00, 0x00 @ 080AC0B0
	.byte 0x02, 0x00, 0x00, 0x00, 0x01, 0x00, 0x00, 0x00, 0x24, 0x00, 0x00, 0x00, 0x00, 0x00, 0x00, 0x00 @ 080AC0C0
	.byte 0x0e, 0x00, 0x00, 0x00, 0x00, 0x00, 0x00, 0x00, 0x00, 0x00, 0x00, 0x00, 0x00, 0x00, 0x00, 0x00 @ 080AC0D0
	.byte 0x00, 0x00, 0x00, 0x00, 0x00, 0x00, 0x00, 0x00, 0x00, 0x00, 0x00, 0x00, 0x00, 0x00, 0x00, 0x00 @ 080AC0E0
	.byte 0x0c, 0x00, 0x00, 0x00, 0x02, 0x00, 0x00, 0x00, 0x00, 0x00, 0x00, 0x00, 0x00, 0x00, 0x00, 0x00 @ 080AC0F0
	.byte 0x0b, 0x00, 0x00, 0x00, 0x02, 0x00, 0x00, 0x00, 0x00, 0x00, 0x00, 0x00, 0x00, 0x00, 0x00, 0x00 @ 080AC100
	.byte 0x0d, 0x00, 0x00, 0x00, 0x00, 0x00, 0x00, 0x00, 0xf4, 0x00, 0x00, 0x00, 0x84, 0x00, 0x00, 0x00 @ 080AC110
	.byte 0x0a, 0x00, 0x00, 0x00, 0x00, 0x00, 0x00, 0x00, 0x70, 0x04, 0x00, 0x00, 0x00, 0x00, 0x00, 0x00 @ 080AC120
	.byte 0x0d, 0x00, 0x00, 0x00, 0x01, 0x00, 0x00, 0x00, 0x44, 0x01, 0x00, 0x00, 0x8c, 0x00, 0x00, 0x00 @ 080AC130
	.byte 0x0a, 0x00, 0x00, 0x00, 0x01, 0x00, 0x00, 0x00, 0x6c, 0x04, 0x00, 0x00, 0x01, 0x00, 0x00, 0x00 @ 080AC140
	.byte 0x01, 0x00, 0x00, 0x00, 0x01, 0x00, 0x00, 0x00, 0x24, 0x00, 0x00, 0x00, 0x00, 0x00, 0x00, 0x00 @ 080AC150
	.byte 0x01, 0x00, 0x00, 0x00, 0x00, 0x00, 0x00, 0x00, 0x18, 0x00, 0x00, 0x00, 0x00, 0x00, 0x00, 0x00 @ 080AC160
	.byte 0x0e, 0x00, 0x00, 0x00, 0x01, 0x00, 0x00, 0x00, 0x00, 0x00, 0x00, 0x00, 0x00, 0x00, 0x00, 0x00 @ 080AC170
	.byte 0x1b, 0x00, 0x00, 0x00, 0x01, 0x00, 0x00, 0x00, 0x00, 0x00, 0x00, 0x00, 0x00, 0x00, 0x00, 0x00 @ 080AC180
	.byte 0x0e, 0x00, 0x00, 0x00, 0x00, 0x00, 0x00, 0x00, 0x00, 0x00, 0x00, 0x00, 0x00, 0x00, 0x00, 0x00 @ 080AC190
	.byte 0x0b, 0x00, 0x00, 0x00, 0x04, 0x00, 0x00, 0x00, 0x00, 0x00, 0x00, 0x00, 0x00, 0x00, 0x00, 0x00 @ 080AC1A0
	.byte 0x1d, 0x00, 0x00, 0x00, 0xd8, 0x00, 0x00, 0x00, 0x83, 0x00, 0x00, 0x00, 0x01, 0x00, 0x00, 0x00 @ 080AC1B0
	.byte 0x1b, 0x00, 0x00, 0x00, 0x01, 0x00, 0x00, 0x00, 0x01, 0x00, 0x00, 0x00, 0x00, 0x00, 0x00, 0x00 @ 080AC1C0
	.byte 0x0e, 0x00, 0x00, 0x00, 0x00, 0x00, 0x00, 0x00, 0x00, 0x00, 0x00, 0x00, 0x00, 0x00, 0x00, 0x00 @ 080AC1D0
	.byte 0x07, 0x00, 0x00, 0x00, 0x00, 0x00, 0x00, 0x00, 0x00, 0x00, 0x00, 0x00, 0x00, 0x00, 0x00, 0x00 @ 080AC1E0
	.byte 0x1b, 0x00, 0x00, 0x00, 0x01, 0x00, 0x00, 0x00, 0x02, 0x00, 0x00, 0x00, 0x00, 0x00, 0x00, 0x00 @ 080AC1F0
	.byte 0x0e, 0x00, 0x00, 0x00, 0x00, 0x00, 0x00, 0x00, 0x00, 0x00, 0x00, 0x00, 0x00, 0x00, 0x00, 0x00 @ 080AC200
	.byte 0x0b, 0x00, 0x00, 0x00, 0x05, 0x00, 0x00, 0x00, 0x00, 0x00, 0x00, 0x00, 0x00, 0x00, 0x00, 0x00 @ 080AC210
	.byte 0x09, 0x00, 0x00, 0x00, 0x00, 0x00, 0x00, 0x00, 0x00, 0x00, 0x00, 0x00, 0x00, 0x00, 0x00, 0x00 @ 080AC220
	.byte 0x0b, 0x00, 0x00, 0x00, 0x06, 0x00, 0x00, 0x00, 0x00, 0x00, 0x00, 0x00, 0x00, 0x00, 0x00, 0x00 @ 080AC230
	.byte 0x1c, 0x00, 0x00, 0x00, 0x01, 0x00, 0x00, 0x00, 0x03, 0x00, 0x00, 0x00, 0x00, 0x00, 0x00, 0x00 @ 080AC240
	.byte 0x0e, 0x00, 0x00, 0x00, 0x00, 0x00, 0x00, 0x00, 0x00, 0x00, 0x00, 0x00, 0x00, 0x00, 0x00, 0x00 @ 080AC250
	.byte 0x02, 0x00, 0x00, 0x00, 0x00, 0x00, 0x00, 0x00, 0x14, 0x00, 0x00, 0x00, 0x00, 0x00, 0x00, 0x00 @ 080AC260
	.byte 0x02, 0x00, 0x00, 0x00, 0x01, 0x00, 0x00, 0x00, 0x24, 0x00, 0x00, 0x00, 0x00, 0x00, 0x00, 0x00 @ 080AC270
	.byte 0x0e, 0x00, 0x00, 0x00, 0x00, 0x00, 0x00, 0x00, 0x00, 0x00, 0x00, 0x00, 0x00, 0x00, 0x00, 0x00 @ 080AC280
	.byte 0x00, 0x00, 0x00, 0x00, 0x00, 0x00, 0x00, 0x00, 0x00, 0x00, 0x00, 0x00, 0x00, 0x00, 0x00, 0x00 @ 080AC290
	.byte 0x0c, 0x00, 0x00, 0x00, 0x02, 0x00, 0x00, 0x00, 0x00, 0x00, 0x00, 0x00, 0x00, 0x00, 0x00, 0x00 @ 080AC2A0
	.byte 0x0b, 0x00, 0x00, 0x00, 0x02, 0x00, 0x00, 0x00, 0x00, 0x00, 0x00, 0x00, 0x00, 0x00, 0x00, 0x00 @ 080AC2B0
	.byte 0x0d, 0x00, 0x00, 0x00, 0x00, 0x00, 0x00, 0x00, 0xec, 0xff, 0xff, 0xff, 0x24, 0x00, 0x00, 0x00 @ 080AC2C0
	.byte 0x0a, 0x00, 0x00, 0x00, 0x00, 0x00, 0x00, 0x00, 0x71, 0x04, 0x00, 0x00, 0x00, 0x00, 0x00, 0x00 @ 080AC2D0
	.byte 0x0d, 0x00, 0x00, 0x00, 0x01, 0x00, 0x00, 0x00, 0xac, 0xff, 0xff, 0xff, 0x2c, 0x00, 0x00, 0x00 @ 080AC2E0
	.byte 0x0a, 0x00, 0x00, 0x00, 0x01, 0x00, 0x00, 0x00, 0x6d, 0x04, 0x00, 0x00, 0x01, 0x00, 0x00, 0x00 @ 080AC2F0
	.byte 0x02, 0x00, 0x00, 0x00, 0x01, 0x00, 0x00, 0x00, 0x24, 0x00, 0x00, 0x00, 0x00, 0x00, 0x00, 0x00 @ 080AC300
	.byte 0x02, 0x00, 0x00, 0x00, 0x00, 0x00, 0x00, 0x00, 0x18, 0x00, 0x00, 0x00, 0x00, 0x00, 0x00, 0x00 @ 080AC310
	.byte 0x0e, 0x00, 0x00, 0x00, 0x01, 0x00, 0x00, 0x00, 0x00, 0x00, 0x00, 0x00, 0x00, 0x00, 0x00, 0x00 @ 080AC320
	.byte 0x1c, 0x00, 0x00, 0x00, 0x01, 0x00, 0x00, 0x00, 0x00, 0x00, 0x00, 0x00, 0x00, 0x00, 0x00, 0x00 @ 080AC330
	.byte 0x0e, 0x00, 0x00, 0x00, 0x00, 0x00, 0x00, 0x00, 0x00, 0x00, 0x00, 0x00, 0x00, 0x00, 0x00, 0x00 @ 080AC340
	.byte 0x0b, 0x00, 0x00, 0x00, 0x04, 0x00, 0x00, 0x00, 0x00, 0x00, 0x00, 0x00, 0x00, 0x00, 0x00, 0x00 @ 080AC350
	.byte 0x1d, 0x00, 0x00, 0x00, 0x18, 0x00, 0x00, 0x00, 0x22, 0x00, 0x00, 0x00, 0x00, 0x00, 0x00, 0x00 @ 080AC360
	.byte 0x1c, 0x00, 0x00, 0x00, 0x01, 0x00, 0x00, 0x00, 0x01, 0x00, 0x00, 0x00, 0x00, 0x00, 0x00, 0x00 @ 080AC370
	.byte 0x0e, 0x00, 0x00, 0x00, 0x00, 0x00, 0x00, 0x00, 0x00, 0x00, 0x00, 0x00, 0x00, 0x00, 0x00, 0x00 @ 080AC380
	.byte 0x18, 0x00, 0x00, 0x00, 0x00, 0x00, 0x00, 0x00, 0x00, 0x00, 0x00, 0x00, 0x00, 0x00, 0x00, 0x00 @ 080AC390
	.byte 0x1c, 0x00, 0x00, 0x00, 0x01, 0x00, 0x00, 0x00, 0x02, 0x00, 0x00, 0x00, 0x00, 0x00, 0x00, 0x00 @ 080AC3A0
	.byte 0x0e, 0x00, 0x00, 0x00, 0x00, 0x00, 0x00, 0x00, 0x00, 0x00, 0x00, 0x00, 0x00, 0x00, 0x00, 0x00 @ 080AC3B0
	.byte 0x0b, 0x00, 0x00, 0x00, 0x05, 0x00, 0x00, 0x00, 0x00, 0x00, 0x00, 0x00, 0x00, 0x00, 0x00, 0x00 @ 080AC3C0
	.byte 0x09, 0x00, 0x00, 0x00, 0x00, 0x00, 0x00, 0x00, 0x00, 0x00, 0x00, 0x00, 0x00, 0x00, 0x00, 0x00 @ 080AC3D0
	.byte 0x0b, 0x00, 0x00, 0x00, 0x06, 0x00, 0x00, 0x00, 0x00, 0x00, 0x00, 0x00, 0x00, 0x00, 0x00, 0x00 @ 080AC3E0
	.byte 0x1b, 0x00, 0x00, 0x00, 0x01, 0x00, 0x00, 0x00, 0x03, 0x00, 0x00, 0x00, 0x00, 0x00, 0x00, 0x00 @ 080AC3F0
	.byte 0x0e, 0x00, 0x00, 0x00, 0x00, 0x00, 0x00, 0x00, 0x00, 0x00, 0x00, 0x00, 0x00, 0x00, 0x00, 0x00 @ 080AC400
	.byte 0x01, 0x00, 0x00, 0x00, 0x00, 0x00, 0x00, 0x00, 0x14, 0x00, 0x00, 0x00, 0x00, 0x00, 0x00, 0x00 @ 080AC410
	.byte 0x01, 0x00, 0x00, 0x00, 0x01, 0x00, 0x00, 0x00, 0x24, 0x00, 0x00, 0x00, 0x00, 0x00, 0x00, 0x00 @ 080AC420
	.byte 0x0e, 0x00, 0x00, 0x00, 0x00, 0x00, 0x00, 0x00, 0x00, 0x00, 0x00, 0x00, 0x00, 0x00, 0x00, 0x00 @ 080AC430
	.byte 0x00, 0x00, 0x00, 0x00, 0x00, 0x00, 0x00, 0x00, 0x00, 0x00, 0x00, 0x00, 0x00, 0x00, 0x00, 0x00 @ 080AC440
	.byte 0x0c, 0x00, 0x00, 0x00, 0x02, 0x00, 0x00, 0x00, 0x00, 0x00, 0x00, 0x00, 0x00, 0x00, 0x00, 0x00 @ 080AC450
	.byte 0x0b, 0x00, 0x00, 0x00, 0x02, 0x00, 0x00, 0x00, 0x00, 0x00, 0x00, 0x00, 0x00, 0x00, 0x00, 0x00 @ 080AC460
	.byte 0x0d, 0x00, 0x00, 0x00, 0x00, 0x00, 0x00, 0x00, 0xec, 0xff, 0xff, 0xff, 0x3c, 0x00, 0x00, 0x00 @ 080AC470
	.byte 0x0a, 0x00, 0x00, 0x00, 0x00, 0x00, 0x00, 0x00, 0x7c, 0x04, 0x00, 0x00, 0x00, 0x00, 0x00, 0x00 @ 080AC480
	.byte 0x0d, 0x00, 0x00, 0x00, 0x01, 0x00, 0x00, 0x00, 0xac, 0xff, 0xff, 0xff, 0x44, 0x00, 0x00, 0x00 @ 080AC490
	.byte 0x0a, 0x00, 0x00, 0x00, 0x01, 0x00, 0x00, 0x00, 0x6d, 0x04, 0x00, 0x00, 0x01, 0x00, 0x00, 0x00 @ 080AC4A0
	.byte 0x02, 0x00, 0x00, 0x00, 0x01, 0x00, 0x00, 0x00, 0x24, 0x00, 0x00, 0x00, 0x00, 0x00, 0x00, 0x00 @ 080AC4B0
	.byte 0x02, 0x00, 0x00, 0x00, 0x00, 0x00, 0x00, 0x00, 0x18, 0x00, 0x00, 0x00, 0x00, 0x00, 0x00, 0x00 @ 080AC4C0
	.byte 0x0e, 0x00, 0x00, 0x00, 0x01, 0x00, 0x00, 0x00, 0x00, 0x00, 0x00, 0x00, 0x00, 0x00, 0x00, 0x00 @ 080AC4D0
	.byte 0x1c, 0x00, 0x00, 0x00, 0x01, 0x00, 0x00, 0x00, 0x00, 0x00, 0x00, 0x00, 0x00, 0x00, 0x00, 0x00 @ 080AC4E0
	.byte 0x0e, 0x00, 0x00, 0x00, 0x00, 0x00, 0x00, 0x00, 0x00, 0x00, 0x00, 0x00, 0x00, 0x00, 0x00, 0x00 @ 080AC4F0
	.byte 0x0b, 0x00, 0x00, 0x00, 0x04, 0x00, 0x00, 0x00, 0x00, 0x00, 0x00, 0x00, 0x00, 0x00, 0x00, 0x00 @ 080AC500
	.byte 0x1d, 0x00, 0x00, 0x00, 0x18, 0x00, 0x00, 0x00, 0x3b, 0x00, 0x00, 0x00, 0x00, 0x00, 0x00, 0x00 @ 080AC510
	.byte 0x1c, 0x00, 0x00, 0x00, 0x01, 0x00, 0x00, 0x00, 0x01, 0x00, 0x00, 0x00, 0x00, 0x00, 0x00, 0x00 @ 080AC520
	.byte 0x0e, 0x00, 0x00, 0x00, 0x00, 0x00, 0x00, 0x00, 0x00, 0x00, 0x00, 0x00, 0x00, 0x00, 0x00, 0x00 @ 080AC530
	.byte 0x18, 0x00, 0x00, 0x00, 0x00, 0x00, 0x00, 0x00, 0x00, 0x00, 0x00, 0x00, 0x00, 0x00, 0x00, 0x00 @ 080AC540
	.byte 0x1c, 0x00, 0x00, 0x00, 0x01, 0x00, 0x00, 0x00, 0x02, 0x00, 0x00, 0x00, 0x00, 0x00, 0x00, 0x00 @ 080AC550
	.byte 0x0e, 0x00, 0x00, 0x00, 0x00, 0x00, 0x00, 0x00, 0x00, 0x00, 0x00, 0x00, 0x00, 0x00, 0x00, 0x00 @ 080AC560
	.byte 0x0b, 0x00, 0x00, 0x00, 0x05, 0x00, 0x00, 0x00, 0x00, 0x00, 0x00, 0x00, 0x00, 0x00, 0x00, 0x00 @ 080AC570
	.byte 0x09, 0x00, 0x00, 0x00, 0x00, 0x00, 0x00, 0x00, 0x00, 0x00, 0x00, 0x00, 0x00, 0x00, 0x00, 0x00 @ 080AC580
	.byte 0x0b, 0x00, 0x00, 0x00, 0x06, 0x00, 0x00, 0x00, 0x00, 0x00, 0x00, 0x00, 0x00, 0x00, 0x00, 0x00 @ 080AC590
	.byte 0x1b, 0x00, 0x00, 0x00, 0x01, 0x00, 0x00, 0x00, 0x03, 0x00, 0x00, 0x00, 0x00, 0x00, 0x00, 0x00 @ 080AC5A0
	.byte 0x0e, 0x00, 0x00, 0x00, 0x00, 0x00, 0x00, 0x00, 0x00, 0x00, 0x00, 0x00, 0x00, 0x00, 0x00, 0x00 @ 080AC5B0
	.byte 0x01, 0x00, 0x00, 0x00, 0x00, 0x00, 0x00, 0x00, 0x14, 0x00, 0x00, 0x00, 0x00, 0x00, 0x00, 0x00 @ 080AC5C0
	.byte 0x01, 0x00, 0x00, 0x00, 0x01, 0x00, 0x00, 0x00, 0x24, 0x00, 0x00, 0x00, 0x00, 0x00, 0x00, 0x00 @ 080AC5D0
	.byte 0x0e, 0x00, 0x00, 0x00, 0x00, 0x00, 0x00, 0x00, 0x00, 0x00, 0x00, 0x00, 0x00, 0x00, 0x00, 0x00 @ 080AC5E0
	.byte 0x00, 0x00, 0x00, 0x00, 0x00, 0x00, 0x00, 0x00, 0x00, 0x00, 0x00, 0x00, 0x00, 0x00, 0x00, 0x00 @ 080AC5F0
	.byte 0x0c, 0x00, 0x00, 0x00, 0x02, 0x00, 0x00, 0x00, 0x00, 0x00, 0x00, 0x00, 0x00, 0x00, 0x00, 0x00 @ 080AC600
	.byte 0x0b, 0x00, 0x00, 0x00, 0x02, 0x00, 0x00, 0x00, 0x00, 0x00, 0x00, 0x00, 0x00, 0x00, 0x00, 0x00 @ 080AC610
	.byte 0x0d, 0x00, 0x00, 0x00, 0x00, 0x00, 0x00, 0x00, 0xec, 0xff, 0xff, 0xff, 0x3c, 0x00, 0x00, 0x00 @ 080AC620
	.byte 0x0a, 0x00, 0x00, 0x00, 0x00, 0x00, 0x00, 0x00, 0x7b, 0x04, 0x00, 0x00, 0x00, 0x00, 0x00, 0x00 @ 080AC630
	.byte 0x0d, 0x00, 0x00, 0x00, 0x01, 0x00, 0x00, 0x00, 0xac, 0xff, 0xff, 0xff, 0x44, 0x00, 0x00, 0x00 @ 080AC640
	.byte 0x0a, 0x00, 0x00, 0x00, 0x01, 0x00, 0x00, 0x00, 0x6d, 0x04, 0x00, 0x00, 0x01, 0x00, 0x00, 0x00 @ 080AC650
	.byte 0x02, 0x00, 0x00, 0x00, 0x01, 0x00, 0x00, 0x00, 0x24, 0x00, 0x00, 0x00, 0x00, 0x00, 0x00, 0x00 @ 080AC660
	.byte 0x02, 0x00, 0x00, 0x00, 0x00, 0x00, 0x00, 0x00, 0x18, 0x00, 0x00, 0x00, 0x00, 0x00, 0x00, 0x00 @ 080AC670
	.byte 0x0e, 0x00, 0x00, 0x00, 0x01, 0x00, 0x00, 0x00, 0x00, 0x00, 0x00, 0x00, 0x00, 0x00, 0x00, 0x00 @ 080AC680
	.byte 0x1c, 0x00, 0x00, 0x00, 0x01, 0x00, 0x00, 0x00, 0x00, 0x00, 0x00, 0x00, 0x00, 0x00, 0x00, 0x00 @ 080AC690
	.byte 0x0e, 0x00, 0x00, 0x00, 0x00, 0x00, 0x00, 0x00, 0x00, 0x00, 0x00, 0x00, 0x00, 0x00, 0x00, 0x00 @ 080AC6A0
	.byte 0x0b, 0x00, 0x00, 0x00, 0x04, 0x00, 0x00, 0x00, 0x00, 0x00, 0x00, 0x00, 0x00, 0x00, 0x00, 0x00 @ 080AC6B0
	.byte 0x1d, 0x00, 0x00, 0x00, 0x18, 0x00, 0x00, 0x00, 0x3b, 0x00, 0x00, 0x00, 0x00, 0x00, 0x00, 0x00 @ 080AC6C0
	.byte 0x1c, 0x00, 0x00, 0x00, 0x01, 0x00, 0x00, 0x00, 0x01, 0x00, 0x00, 0x00, 0x00, 0x00, 0x00, 0x00 @ 080AC6D0
	.byte 0x0e, 0x00, 0x00, 0x00, 0x00, 0x00, 0x00, 0x00, 0x00, 0x00, 0x00, 0x00, 0x00, 0x00, 0x00, 0x00 @ 080AC6E0
	.byte 0x18, 0x00, 0x00, 0x00, 0x00, 0x00, 0x00, 0x00, 0x00, 0x00, 0x00, 0x00, 0x00, 0x00, 0x00, 0x00 @ 080AC6F0
	.byte 0x1c, 0x00, 0x00, 0x00, 0x01, 0x00, 0x00, 0x00, 0x02, 0x00, 0x00, 0x00, 0x00, 0x00, 0x00, 0x00 @ 080AC700
	.byte 0x0e, 0x00, 0x00, 0x00, 0x00, 0x00, 0x00, 0x00, 0x00, 0x00, 0x00, 0x00, 0x00, 0x00, 0x00, 0x00 @ 080AC710
	.byte 0x0b, 0x00, 0x00, 0x00, 0x05, 0x00, 0x00, 0x00, 0x00, 0x00, 0x00, 0x00, 0x00, 0x00, 0x00, 0x00 @ 080AC720
	.byte 0x09, 0x00, 0x00, 0x00, 0x00, 0x00, 0x00, 0x00, 0x00, 0x00, 0x00, 0x00, 0x00, 0x00, 0x00, 0x00 @ 080AC730
	.byte 0x0b, 0x00, 0x00, 0x00, 0x06, 0x00, 0x00, 0x00, 0x00, 0x00, 0x00, 0x00, 0x00, 0x00, 0x00, 0x00 @ 080AC740
	.byte 0x1b, 0x00, 0x00, 0x00, 0x01, 0x00, 0x00, 0x00, 0x03, 0x00, 0x00, 0x00, 0x00, 0x00, 0x00, 0x00 @ 080AC750
	.byte 0x0e, 0x00, 0x00, 0x00, 0x00, 0x00, 0x00, 0x00, 0x00, 0x00, 0x00, 0x00, 0x00, 0x00, 0x00, 0x00 @ 080AC760
	.byte 0x01, 0x00, 0x00, 0x00, 0x00, 0x00, 0x00, 0x00, 0x14, 0x00, 0x00, 0x00, 0x00, 0x00, 0x00, 0x00 @ 080AC770
	.byte 0x01, 0x00, 0x00, 0x00, 0x01, 0x00, 0x00, 0x00, 0x24, 0x00, 0x00, 0x00, 0x00, 0x00, 0x00, 0x00 @ 080AC780
	.byte 0x0e, 0x00, 0x00, 0x00, 0x00, 0x00, 0x00, 0x00, 0x00, 0x00, 0x00, 0x00, 0x00, 0x00, 0x00, 0x00 @ 080AC790
	.byte 0x00, 0x00, 0x00, 0x00, 0x00, 0x00, 0x00, 0x00, 0x00, 0x00, 0x00, 0x00, 0x00, 0x00, 0x00, 0x00 @ 080AC7A0
	.byte 0x0c, 0x00, 0x00, 0x00, 0x02, 0x00, 0x00, 0x00, 0x00, 0x00, 0x00, 0x00, 0x00, 0x00, 0x00, 0x00 @ 080AC7B0
	.byte 0x0b, 0x00, 0x00, 0x00, 0x02, 0x00, 0x00, 0x00, 0x00, 0x00, 0x00, 0x00, 0x00, 0x00, 0x00, 0x00 @ 080AC7C0
	.byte 0x0d, 0x00, 0x00, 0x00, 0x00, 0x00, 0x00, 0x00, 0xec, 0xff, 0xff, 0xff, 0x3c, 0x00, 0x00, 0x00 @ 080AC7D0
	.byte 0x0a, 0x00, 0x00, 0x00, 0x00, 0x00, 0x00, 0x00, 0x82, 0x04, 0x00, 0x00, 0x00, 0x00, 0x00, 0x00 @ 080AC7E0
	.byte 0x0d, 0x00, 0x00, 0x00, 0x01, 0x00, 0x00, 0x00, 0xac, 0xff, 0xff, 0xff, 0x44, 0x00, 0x00, 0x00 @ 080AC7F0
	.byte 0x0a, 0x00, 0x00, 0x00, 0x01, 0x00, 0x00, 0x00, 0x6d, 0x04, 0x00, 0x00, 0x01, 0x00, 0x00, 0x00 @ 080AC800
	.byte 0x02, 0x00, 0x00, 0x00, 0x01, 0x00, 0x00, 0x00, 0x24, 0x00, 0x00, 0x00, 0x00, 0x00, 0x00, 0x00 @ 080AC810
	.byte 0x02, 0x00, 0x00, 0x00, 0x00, 0x00, 0x00, 0x00, 0x18, 0x00, 0x00, 0x00, 0x00, 0x00, 0x00, 0x00 @ 080AC820
	.byte 0x0e, 0x00, 0x00, 0x00, 0x01, 0x00, 0x00, 0x00, 0x00, 0x00, 0x00, 0x00, 0x00, 0x00, 0x00, 0x00 @ 080AC830
	.byte 0x1c, 0x00, 0x00, 0x00, 0x01, 0x00, 0x00, 0x00, 0x00, 0x00, 0x00, 0x00, 0x00, 0x00, 0x00, 0x00 @ 080AC840
	.byte 0x0e, 0x00, 0x00, 0x00, 0x00, 0x00, 0x00, 0x00, 0x00, 0x00, 0x00, 0x00, 0x00, 0x00, 0x00, 0x00 @ 080AC850
	.byte 0x0b, 0x00, 0x00, 0x00, 0x04, 0x00, 0x00, 0x00, 0x00, 0x00, 0x00, 0x00, 0x00, 0x00, 0x00, 0x00 @ 080AC860
	.byte 0x1d, 0x00, 0x00, 0x00, 0x18, 0x00, 0x00, 0x00, 0x3b, 0x00, 0x00, 0x00, 0x00, 0x00, 0x00, 0x00 @ 080AC870
	.byte 0x1c, 0x00, 0x00, 0x00, 0x01, 0x00, 0x00, 0x00, 0x01, 0x00, 0x00, 0x00, 0x00, 0x00, 0x00, 0x00 @ 080AC880
	.byte 0x0e, 0x00, 0x00, 0x00, 0x00, 0x00, 0x00, 0x00, 0x00, 0x00, 0x00, 0x00, 0x00, 0x00, 0x00, 0x00 @ 080AC890
	.byte 0x18, 0x00, 0x00, 0x00, 0x00, 0x00, 0x00, 0x00, 0x00, 0x00, 0x00, 0x00, 0x00, 0x00, 0x00, 0x00 @ 080AC8A0
	.byte 0x1c, 0x00, 0x00, 0x00, 0x01, 0x00, 0x00, 0x00, 0x02, 0x00, 0x00, 0x00, 0x00, 0x00, 0x00, 0x00 @ 080AC8B0
	.byte 0x0e, 0x00, 0x00, 0x00, 0x00, 0x00, 0x00, 0x00, 0x00, 0x00, 0x00, 0x00, 0x00, 0x00, 0x00, 0x00 @ 080AC8C0
	.byte 0x0b, 0x00, 0x00, 0x00, 0x05, 0x00, 0x00, 0x00, 0x00, 0x00, 0x00, 0x00, 0x00, 0x00, 0x00, 0x00 @ 080AC8D0
	.byte 0x09, 0x00, 0x00, 0x00, 0x00, 0x00, 0x00, 0x00, 0x00, 0x00, 0x00, 0x00, 0x00, 0x00, 0x00, 0x00 @ 080AC8E0
	.byte 0x0b, 0x00, 0x00, 0x00, 0x06, 0x00, 0x00, 0x00, 0x00, 0x00, 0x00, 0x00, 0x00, 0x00, 0x00, 0x00 @ 080AC8F0
	.byte 0x1b, 0x00, 0x00, 0x00, 0x01, 0x00, 0x00, 0x00, 0x03, 0x00, 0x00, 0x00, 0x00, 0x00, 0x00, 0x00 @ 080AC900
	.byte 0x0e, 0x00, 0x00, 0x00, 0x00, 0x00, 0x00, 0x00, 0x00, 0x00, 0x00, 0x00, 0x00, 0x00, 0x00, 0x00 @ 080AC910
	.byte 0x01, 0x00, 0x00, 0x00, 0x00, 0x00, 0x00, 0x00, 0x14, 0x00, 0x00, 0x00, 0x00, 0x00, 0x00, 0x00 @ 080AC920
	.byte 0x01, 0x00, 0x00, 0x00, 0x01, 0x00, 0x00, 0x00, 0x24, 0x00, 0x00, 0x00, 0x00, 0x00, 0x00, 0x00 @ 080AC930
	.byte 0x0e, 0x00, 0x00, 0x00, 0x00, 0x00, 0x00, 0x00, 0x00, 0x00, 0x00, 0x00, 0x00, 0x00, 0x00, 0x00 @ 080AC940
	.byte 0x00, 0x00, 0x00, 0x00, 0x00, 0x00, 0x00, 0x00, 0x00, 0x00, 0x00, 0x00, 0x00, 0x00, 0x00, 0x00 @ 080AC950
	.byte 0x0c, 0x00, 0x00, 0x00, 0x02, 0x00, 0x00, 0x00, 0x00, 0x00, 0x00, 0x00, 0x00, 0x00, 0x00, 0x00 @ 080AC960
	.byte 0x0b, 0x00, 0x00, 0x00, 0x02, 0x00, 0x00, 0x00, 0x00, 0x00, 0x00, 0x00, 0x00, 0x00, 0x00, 0x00 @ 080AC970
	.byte 0x0d, 0x00, 0x00, 0x00, 0x00, 0x00, 0x00, 0x00, 0xec, 0xff, 0xff, 0xff, 0x3c, 0x00, 0x00, 0x00 @ 080AC980
	.byte 0x0a, 0x00, 0x00, 0x00, 0x00, 0x00, 0x00, 0x00, 0x80, 0x04, 0x00, 0x00, 0x00, 0x00, 0x00, 0x00 @ 080AC990
	.byte 0x0d, 0x00, 0x00, 0x00, 0x01, 0x00, 0x00, 0x00, 0xac, 0xff, 0xff, 0xff, 0x44, 0x00, 0x00, 0x00 @ 080AC9A0
	.byte 0x0a, 0x00, 0x00, 0x00, 0x01, 0x00, 0x00, 0x00, 0x6d, 0x04, 0x00, 0x00, 0x01, 0x00, 0x00, 0x00 @ 080AC9B0
	.byte 0x02, 0x00, 0x00, 0x00, 0x01, 0x00, 0x00, 0x00, 0x24, 0x00, 0x00, 0x00, 0x00, 0x00, 0x00, 0x00 @ 080AC9C0
	.byte 0x02, 0x00, 0x00, 0x00, 0x00, 0x00, 0x00, 0x00, 0x18, 0x00, 0x00, 0x00, 0x00, 0x00, 0x00, 0x00 @ 080AC9D0
	.byte 0x0e, 0x00, 0x00, 0x00, 0x01, 0x00, 0x00, 0x00, 0x00, 0x00, 0x00, 0x00, 0x00, 0x00, 0x00, 0x00 @ 080AC9E0
	.byte 0x1c, 0x00, 0x00, 0x00, 0x01, 0x00, 0x00, 0x00, 0x00, 0x00, 0x00, 0x00, 0x00, 0x00, 0x00, 0x00 @ 080AC9F0
	.byte 0x0e, 0x00, 0x00, 0x00, 0x00, 0x00, 0x00, 0x00, 0x00, 0x00, 0x00, 0x00, 0x00, 0x00, 0x00, 0x00 @ 080ACA00
	.byte 0x0b, 0x00, 0x00, 0x00, 0x04, 0x00, 0x00, 0x00, 0x00, 0x00, 0x00, 0x00, 0x00, 0x00, 0x00, 0x00 @ 080ACA10
	.byte 0x1d, 0x00, 0x00, 0x00, 0x18, 0x00, 0x00, 0x00, 0x3b, 0x00, 0x00, 0x00, 0x00, 0x00, 0x00, 0x00 @ 080ACA20
	.byte 0x1c, 0x00, 0x00, 0x00, 0x01, 0x00, 0x00, 0x00, 0x01, 0x00, 0x00, 0x00, 0x00, 0x00, 0x00, 0x00 @ 080ACA30
	.byte 0x0e, 0x00, 0x00, 0x00, 0x00, 0x00, 0x00, 0x00, 0x00, 0x00, 0x00, 0x00, 0x00, 0x00, 0x00, 0x00 @ 080ACA40
	.byte 0x18, 0x00, 0x00, 0x00, 0x00, 0x00, 0x00, 0x00, 0x00, 0x00, 0x00, 0x00, 0x00, 0x00, 0x00, 0x00 @ 080ACA50
	.byte 0x1c, 0x00, 0x00, 0x00, 0x01, 0x00, 0x00, 0x00, 0x02, 0x00, 0x00, 0x00, 0x00, 0x00, 0x00, 0x00 @ 080ACA60
	.byte 0x0e, 0x00, 0x00, 0x00, 0x00, 0x00, 0x00, 0x00, 0x00, 0x00, 0x00, 0x00, 0x00, 0x00, 0x00, 0x00 @ 080ACA70
	.byte 0x0b, 0x00, 0x00, 0x00, 0x05, 0x00, 0x00, 0x00, 0x00, 0x00, 0x00, 0x00, 0x00, 0x00, 0x00, 0x00 @ 080ACA80
	.byte 0x09, 0x00, 0x00, 0x00, 0x00, 0x00, 0x00, 0x00, 0x00, 0x00, 0x00, 0x00, 0x00, 0x00, 0x00, 0x00 @ 080ACA90
	.byte 0x0b, 0x00, 0x00, 0x00, 0x06, 0x00, 0x00, 0x00, 0x00, 0x00, 0x00, 0x00, 0x00, 0x00, 0x00, 0x00 @ 080ACAA0
	.byte 0x1b, 0x00, 0x00, 0x00, 0x01, 0x00, 0x00, 0x00, 0x03, 0x00, 0x00, 0x00, 0x00, 0x00, 0x00, 0x00 @ 080ACAB0
	.byte 0x0e, 0x00, 0x00, 0x00, 0x00, 0x00, 0x00, 0x00, 0x00, 0x00, 0x00, 0x00, 0x00, 0x00, 0x00, 0x00 @ 080ACAC0
	.byte 0x01, 0x00, 0x00, 0x00, 0x00, 0x00, 0x00, 0x00, 0x14, 0x00, 0x00, 0x00, 0x00, 0x00, 0x00, 0x00 @ 080ACAD0
	.byte 0x01, 0x00, 0x00, 0x00, 0x01, 0x00, 0x00, 0x00, 0x24, 0x00, 0x00, 0x00, 0x00, 0x00, 0x00, 0x00 @ 080ACAE0
	.byte 0x0e, 0x00, 0x00, 0x00, 0x00, 0x00, 0x00, 0x00, 0x00, 0x00, 0x00, 0x00, 0x00, 0x00, 0x00, 0x00 @ 080ACAF0
	.byte 0x00, 0x00, 0x00, 0x00, 0x00, 0x00, 0x00, 0x00, 0x00, 0x00, 0x00, 0x00, 0x00, 0x00, 0x00, 0x00 @ 080ACB00
	.byte 0x0c, 0x00, 0x00, 0x00, 0x02, 0x00, 0x00, 0x00, 0x00, 0x00, 0x00, 0x00, 0x00, 0x00, 0x00, 0x00 @ 080ACB10
	.byte 0x0b, 0x00, 0x00, 0x00, 0x02, 0x00, 0x00, 0x00, 0x00, 0x00, 0x00, 0x00, 0x00, 0x00, 0x00, 0x00 @ 080ACB20
	.byte 0x0d, 0x00, 0x00, 0x00, 0x00, 0x00, 0x00, 0x00, 0xec, 0xff, 0xff, 0xff, 0x3c, 0x00, 0x00, 0x00 @ 080ACB30
	.byte 0x0a, 0x00, 0x00, 0x00, 0x00, 0x00, 0x00, 0x00, 0x81, 0x04, 0x00, 0x00, 0x00, 0x00, 0x00, 0x00 @ 080ACB40
	.byte 0x0d, 0x00, 0x00, 0x00, 0x01, 0x00, 0x00, 0x00, 0xac, 0xff, 0xff, 0xff, 0x44, 0x00, 0x00, 0x00 @ 080ACB50
	.byte 0x0a, 0x00, 0x00, 0x00, 0x01, 0x00, 0x00, 0x00, 0x6d, 0x04, 0x00, 0x00, 0x01, 0x00, 0x00, 0x00 @ 080ACB60
	.byte 0x02, 0x00, 0x00, 0x00, 0x01, 0x00, 0x00, 0x00, 0x24, 0x00, 0x00, 0x00, 0x00, 0x00, 0x00, 0x00 @ 080ACB70
	.byte 0x02, 0x00, 0x00, 0x00, 0x00, 0x00, 0x00, 0x00, 0x18, 0x00, 0x00, 0x00, 0x00, 0x00, 0x00, 0x00 @ 080ACB80
	.byte 0x0e, 0x00, 0x00, 0x00, 0x01, 0x00, 0x00, 0x00, 0x00, 0x00, 0x00, 0x00, 0x00, 0x00, 0x00, 0x00 @ 080ACB90
	.byte 0x1c, 0x00, 0x00, 0x00, 0x01, 0x00, 0x00, 0x00, 0x00, 0x00, 0x00, 0x00, 0x00, 0x00, 0x00, 0x00 @ 080ACBA0
	.byte 0x0e, 0x00, 0x00, 0x00, 0x00, 0x00, 0x00, 0x00, 0x00, 0x00, 0x00, 0x00, 0x00, 0x00, 0x00, 0x00 @ 080ACBB0
	.byte 0x0b, 0x00, 0x00, 0x00, 0x04, 0x00, 0x00, 0x00, 0x00, 0x00, 0x00, 0x00, 0x00, 0x00, 0x00, 0x00 @ 080ACBC0
	.byte 0x1d, 0x00, 0x00, 0x00, 0x18, 0x00, 0x00, 0x00, 0x3b, 0x00, 0x00, 0x00, 0x00, 0x00, 0x00, 0x00 @ 080ACBD0
	.byte 0x1c, 0x00, 0x00, 0x00, 0x01, 0x00, 0x00, 0x00, 0x01, 0x00, 0x00, 0x00, 0x00, 0x00, 0x00, 0x00 @ 080ACBE0
	.byte 0x0e, 0x00, 0x00, 0x00, 0x00, 0x00, 0x00, 0x00, 0x00, 0x00, 0x00, 0x00, 0x00, 0x00, 0x00, 0x00 @ 080ACBF0
	.byte 0x18, 0x00, 0x00, 0x00, 0x00, 0x00, 0x00, 0x00, 0x00, 0x00, 0x00, 0x00, 0x00, 0x00, 0x00, 0x00 @ 080ACC00
	.byte 0x1c, 0x00, 0x00, 0x00, 0x01, 0x00, 0x00, 0x00, 0x02, 0x00, 0x00, 0x00, 0x00, 0x00, 0x00, 0x00 @ 080ACC10
	.byte 0x0e, 0x00, 0x00, 0x00, 0x00, 0x00, 0x00, 0x00, 0x00, 0x00, 0x00, 0x00, 0x00, 0x00, 0x00, 0x00 @ 080ACC20
	.byte 0x0b, 0x00, 0x00, 0x00, 0x05, 0x00, 0x00, 0x00, 0x00, 0x00, 0x00, 0x00, 0x00, 0x00, 0x00, 0x00 @ 080ACC30
	.byte 0x09, 0x00, 0x00, 0x00, 0x00, 0x00, 0x00, 0x00, 0x00, 0x00, 0x00, 0x00, 0x00, 0x00, 0x00, 0x00 @ 080ACC40
	.byte 0x0b, 0x00, 0x00, 0x00, 0x06, 0x00, 0x00, 0x00, 0x00, 0x00, 0x00, 0x00, 0x00, 0x00, 0x00, 0x00 @ 080ACC50
	.byte 0x1b, 0x00, 0x00, 0x00, 0x01, 0x00, 0x00, 0x00, 0x03, 0x00, 0x00, 0x00, 0x00, 0x00, 0x00, 0x00 @ 080ACC60
	.byte 0x0e, 0x00, 0x00, 0x00, 0x00, 0x00, 0x00, 0x00, 0x00, 0x00, 0x00, 0x00, 0x00, 0x00, 0x00, 0x00 @ 080ACC70
	.byte 0x01, 0x00, 0x00, 0x00, 0x00, 0x00, 0x00, 0x00, 0x14, 0x00, 0x00, 0x00, 0x00, 0x00, 0x00, 0x00 @ 080ACC80
	.byte 0x01, 0x00, 0x00, 0x00, 0x01, 0x00, 0x00, 0x00, 0x24, 0x00, 0x00, 0x00, 0x00, 0x00, 0x00, 0x00 @ 080ACC90
	.byte 0x0e, 0x00, 0x00, 0x00, 0x00, 0x00, 0x00, 0x00, 0x00, 0x00, 0x00, 0x00, 0x00, 0x00, 0x00, 0x00 @ 080ACCA0
	.byte 0x00, 0x00, 0x00, 0x00, 0x00, 0x00, 0x00, 0x00, 0x00, 0x00, 0x00, 0x00, 0x00, 0x00, 0x00, 0x00 @ 080ACCB0
	.byte 0x0c, 0x00, 0x00, 0x00, 0x02, 0x00, 0x00, 0x00, 0x00, 0x00, 0x00, 0x00, 0x00, 0x00, 0x00, 0x00 @ 080ACCC0
	.byte 0x0b, 0x00, 0x00, 0x00, 0x02, 0x00, 0x00, 0x00, 0x00, 0x00, 0x00, 0x00, 0x00, 0x00, 0x00, 0x00 @ 080ACCD0
	.byte 0x0d, 0x00, 0x00, 0x00, 0x00, 0x00, 0x00, 0x00, 0xec, 0xff, 0xff, 0xff, 0x54, 0x00, 0x00, 0x00 @ 080ACCE0
	.byte 0x0a, 0x00, 0x00, 0x00, 0x00, 0x00, 0x00, 0x00, 0x7d, 0x04, 0x00, 0x00, 0x00, 0x00, 0x00, 0x00 @ 080ACCF0
	.byte 0x0d, 0x00, 0x00, 0x00, 0x01, 0x00, 0x00, 0x00, 0xac, 0xff, 0xff, 0xff, 0x5c, 0x00, 0x00, 0x00 @ 080ACD00
	.byte 0x0a, 0x00, 0x00, 0x00, 0x01, 0x00, 0x00, 0x00, 0x6d, 0x04, 0x00, 0x00, 0x01, 0x00, 0x00, 0x00 @ 080ACD10
	.byte 0x02, 0x00, 0x00, 0x00, 0x01, 0x00, 0x00, 0x00, 0x24, 0x00, 0x00, 0x00, 0x00, 0x00, 0x00, 0x00 @ 080ACD20
	.byte 0x02, 0x00, 0x00, 0x00, 0x00, 0x00, 0x00, 0x00, 0x18, 0x00, 0x00, 0x00, 0x00, 0x00, 0x00, 0x00 @ 080ACD30
	.byte 0x0e, 0x00, 0x00, 0x00, 0x01, 0x00, 0x00, 0x00, 0x00, 0x00, 0x00, 0x00, 0x00, 0x00, 0x00, 0x00 @ 080ACD40
	.byte 0x1c, 0x00, 0x00, 0x00, 0x01, 0x00, 0x00, 0x00, 0x00, 0x00, 0x00, 0x00, 0x00, 0x00, 0x00, 0x00 @ 080ACD50
	.byte 0x0e, 0x00, 0x00, 0x00, 0x00, 0x00, 0x00, 0x00, 0x00, 0x00, 0x00, 0x00, 0x00, 0x00, 0x00, 0x00 @ 080ACD60
	.byte 0x0b, 0x00, 0x00, 0x00, 0x04, 0x00, 0x00, 0x00, 0x00, 0x00, 0x00, 0x00, 0x00, 0x00, 0x00, 0x00 @ 080ACD70
	.byte 0x1d, 0x00, 0x00, 0x00, 0x18, 0x00, 0x00, 0x00, 0x53, 0x00, 0x00, 0x00, 0x00, 0x00, 0x00, 0x00 @ 080ACD80
	.byte 0x1c, 0x00, 0x00, 0x00, 0x01, 0x00, 0x00, 0x00, 0x01, 0x00, 0x00, 0x00, 0x00, 0x00, 0x00, 0x00 @ 080ACD90
	.byte 0x0e, 0x00, 0x00, 0x00, 0x00, 0x00, 0x00, 0x00, 0x00, 0x00, 0x00, 0x00, 0x00, 0x00, 0x00, 0x00 @ 080ACDA0
	.byte 0x18, 0x00, 0x00, 0x00, 0x00, 0x00, 0x00, 0x00, 0x00, 0x00, 0x00, 0x00, 0x00, 0x00, 0x00, 0x00 @ 080ACDB0
	.byte 0x1c, 0x00, 0x00, 0x00, 0x01, 0x00, 0x00, 0x00, 0x02, 0x00, 0x00, 0x00, 0x00, 0x00, 0x00, 0x00 @ 080ACDC0
	.byte 0x0e, 0x00, 0x00, 0x00, 0x00, 0x00, 0x00, 0x00, 0x00, 0x00, 0x00, 0x00, 0x00, 0x00, 0x00, 0x00 @ 080ACDD0
	.byte 0x0b, 0x00, 0x00, 0x00, 0x05, 0x00, 0x00, 0x00, 0x00, 0x00, 0x00, 0x00, 0x00, 0x00, 0x00, 0x00 @ 080ACDE0
	.byte 0x09, 0x00, 0x00, 0x00, 0x00, 0x00, 0x00, 0x00, 0x00, 0x00, 0x00, 0x00, 0x00, 0x00, 0x00, 0x00 @ 080ACDF0
	.byte 0x0b, 0x00, 0x00, 0x00, 0x06, 0x00, 0x00, 0x00, 0x00, 0x00, 0x00, 0x00, 0x00, 0x00, 0x00, 0x00 @ 080ACE00
	.byte 0x1b, 0x00, 0x00, 0x00, 0x01, 0x00, 0x00, 0x00, 0x03, 0x00, 0x00, 0x00, 0x00, 0x00, 0x00, 0x00 @ 080ACE10
	.byte 0x0e, 0x00, 0x00, 0x00, 0x00, 0x00, 0x00, 0x00, 0x00, 0x00, 0x00, 0x00, 0x00, 0x00, 0x00, 0x00 @ 080ACE20
	.byte 0x01, 0x00, 0x00, 0x00, 0x00, 0x00, 0x00, 0x00, 0x14, 0x00, 0x00, 0x00, 0x00, 0x00, 0x00, 0x00 @ 080ACE30
	.byte 0x01, 0x00, 0x00, 0x00, 0x01, 0x00, 0x00, 0x00, 0x24, 0x00, 0x00, 0x00, 0x00, 0x00, 0x00, 0x00 @ 080ACE40
	.byte 0x0e, 0x00, 0x00, 0x00, 0x00, 0x00, 0x00, 0x00, 0x00, 0x00, 0x00, 0x00, 0x00, 0x00, 0x00, 0x00 @ 080ACE50
	.byte 0x00, 0x00, 0x00, 0x00, 0x00, 0x00, 0x00, 0x00, 0x00, 0x00, 0x00, 0x00, 0x00, 0x00, 0x00, 0x00 @ 080ACE60
	.byte 0x0c, 0x00, 0x00, 0x00, 0x02, 0x00, 0x00, 0x00, 0x00, 0x00, 0x00, 0x00, 0x00, 0x00, 0x00, 0x00 @ 080ACE70
	.byte 0x0b, 0x00, 0x00, 0x00, 0x02, 0x00, 0x00, 0x00, 0x00, 0x00, 0x00, 0x00, 0x00, 0x00, 0x00, 0x00 @ 080ACE80
	.byte 0x0d, 0x00, 0x00, 0x00, 0x00, 0x00, 0x00, 0x00, 0xec, 0xff, 0xff, 0xff, 0x54, 0x00, 0x00, 0x00 @ 080ACE90
	.byte 0x0a, 0x00, 0x00, 0x00, 0x00, 0x00, 0x00, 0x00, 0x7f, 0x04, 0x00, 0x00, 0x00, 0x00, 0x00, 0x00 @ 080ACEA0
	.byte 0x0d, 0x00, 0x00, 0x00, 0x01, 0x00, 0x00, 0x00, 0xac, 0xff, 0xff, 0xff, 0x5c, 0x00, 0x00, 0x00 @ 080ACEB0
	.byte 0x0a, 0x00, 0x00, 0x00, 0x01, 0x00, 0x00, 0x00, 0x6d, 0x04, 0x00, 0x00, 0x01, 0x00, 0x00, 0x00 @ 080ACEC0
	.byte 0x02, 0x00, 0x00, 0x00, 0x01, 0x00, 0x00, 0x00, 0x24, 0x00, 0x00, 0x00, 0x00, 0x00, 0x00, 0x00 @ 080ACED0
	.byte 0x02, 0x00, 0x00, 0x00, 0x00, 0x00, 0x00, 0x00, 0x18, 0x00, 0x00, 0x00, 0x00, 0x00, 0x00, 0x00 @ 080ACEE0
	.byte 0x0e, 0x00, 0x00, 0x00, 0x01, 0x00, 0x00, 0x00, 0x00, 0x00, 0x00, 0x00, 0x00, 0x00, 0x00, 0x00 @ 080ACEF0
	.byte 0x1c, 0x00, 0x00, 0x00, 0x01, 0x00, 0x00, 0x00, 0x00, 0x00, 0x00, 0x00, 0x00, 0x00, 0x00, 0x00 @ 080ACF00
	.byte 0x0e, 0x00, 0x00, 0x00, 0x00, 0x00, 0x00, 0x00, 0x00, 0x00, 0x00, 0x00, 0x00, 0x00, 0x00, 0x00 @ 080ACF10
	.byte 0x0b, 0x00, 0x00, 0x00, 0x04, 0x00, 0x00, 0x00, 0x00, 0x00, 0x00, 0x00, 0x00, 0x00, 0x00, 0x00 @ 080ACF20
	.byte 0x1d, 0x00, 0x00, 0x00, 0x18, 0x00, 0x00, 0x00, 0x53, 0x00, 0x00, 0x00, 0x00, 0x00, 0x00, 0x00 @ 080ACF30
	.byte 0x1c, 0x00, 0x00, 0x00, 0x01, 0x00, 0x00, 0x00, 0x01, 0x00, 0x00, 0x00, 0x00, 0x00, 0x00, 0x00 @ 080ACF40
	.byte 0x0e, 0x00, 0x00, 0x00, 0x00, 0x00, 0x00, 0x00, 0x00, 0x00, 0x00, 0x00, 0x00, 0x00, 0x00, 0x00 @ 080ACF50
	.byte 0x18, 0x00, 0x00, 0x00, 0x00, 0x00, 0x00, 0x00, 0x00, 0x00, 0x00, 0x00, 0x00, 0x00, 0x00, 0x00 @ 080ACF60
	.byte 0x1c, 0x00, 0x00, 0x00, 0x01, 0x00, 0x00, 0x00, 0x02, 0x00, 0x00, 0x00, 0x00, 0x00, 0x00, 0x00 @ 080ACF70
	.byte 0x0e, 0x00, 0x00, 0x00, 0x00, 0x00, 0x00, 0x00, 0x00, 0x00, 0x00, 0x00, 0x00, 0x00, 0x00, 0x00 @ 080ACF80
	.byte 0x0b, 0x00, 0x00, 0x00, 0x05, 0x00, 0x00, 0x00, 0x00, 0x00, 0x00, 0x00, 0x00, 0x00, 0x00, 0x00 @ 080ACF90
	.byte 0x09, 0x00, 0x00, 0x00, 0x00, 0x00, 0x00, 0x00, 0x00, 0x00, 0x00, 0x00, 0x00, 0x00, 0x00, 0x00 @ 080ACFA0
	.byte 0x0b, 0x00, 0x00, 0x00, 0x06, 0x00, 0x00, 0x00, 0x00, 0x00, 0x00, 0x00, 0x00, 0x00, 0x00, 0x00 @ 080ACFB0
	.byte 0x1b, 0x00, 0x00, 0x00, 0x01, 0x00, 0x00, 0x00, 0x03, 0x00, 0x00, 0x00, 0x00, 0x00, 0x00, 0x00 @ 080ACFC0
	.byte 0x0e, 0x00, 0x00, 0x00, 0x00, 0x00, 0x00, 0x00, 0x00, 0x00, 0x00, 0x00, 0x00, 0x00, 0x00, 0x00 @ 080ACFD0
	.byte 0x01, 0x00, 0x00, 0x00, 0x00, 0x00, 0x00, 0x00, 0x14, 0x00, 0x00, 0x00, 0x00, 0x00, 0x00, 0x00 @ 080ACFE0
	.byte 0x01, 0x00, 0x00, 0x00, 0x01, 0x00, 0x00, 0x00, 0x24, 0x00, 0x00, 0x00, 0x00, 0x00, 0x00, 0x00 @ 080ACFF0
	.byte 0x0e, 0x00, 0x00, 0x00, 0x00, 0x00, 0x00, 0x00, 0x00, 0x00, 0x00, 0x00, 0x00, 0x00, 0x00, 0x00 @ 080AD000
	.byte 0x00, 0x00, 0x00, 0x00, 0x00, 0x00, 0x00, 0x00, 0x00, 0x00, 0x00, 0x00, 0x00, 0x00, 0x00, 0x00 @ 080AD010
	.byte 0x0c, 0x00, 0x00, 0x00, 0x02, 0x00, 0x00, 0x00, 0x00, 0x00, 0x00, 0x00, 0x00, 0x00, 0x00, 0x00 @ 080AD020
	.byte 0x0b, 0x00, 0x00, 0x00, 0x02, 0x00, 0x00, 0x00, 0x00, 0x00, 0x00, 0x00, 0x00, 0x00, 0x00, 0x00 @ 080AD030
	.byte 0x0d, 0x00, 0x00, 0x00, 0x00, 0x00, 0x00, 0x00, 0xec, 0xff, 0xff, 0xff, 0x6c, 0x00, 0x00, 0x00 @ 080AD040
	.byte 0x0a, 0x00, 0x00, 0x00, 0x00, 0x00, 0x00, 0x00, 0x7e, 0x04, 0x00, 0x00, 0x00, 0x00, 0x00, 0x00 @ 080AD050
	.byte 0x0d, 0x00, 0x00, 0x00, 0x01, 0x00, 0x00, 0x00, 0xac, 0xff, 0xff, 0xff, 0x74, 0x00, 0x00, 0x00 @ 080AD060
	.byte 0x0a, 0x00, 0x00, 0x00, 0x01, 0x00, 0x00, 0x00, 0x6d, 0x04, 0x00, 0x00, 0x01, 0x00, 0x00, 0x00 @ 080AD070
	.byte 0x02, 0x00, 0x00, 0x00, 0x01, 0x00, 0x00, 0x00, 0x24, 0x00, 0x00, 0x00, 0x00, 0x00, 0x00, 0x00 @ 080AD080
	.byte 0x02, 0x00, 0x00, 0x00, 0x00, 0x00, 0x00, 0x00, 0x18, 0x00, 0x00, 0x00, 0x00, 0x00, 0x00, 0x00 @ 080AD090
	.byte 0x0e, 0x00, 0x00, 0x00, 0x01, 0x00, 0x00, 0x00, 0x00, 0x00, 0x00, 0x00, 0x00, 0x00, 0x00, 0x00 @ 080AD0A0
	.byte 0x1c, 0x00, 0x00, 0x00, 0x01, 0x00, 0x00, 0x00, 0x00, 0x00, 0x00, 0x00, 0x00, 0x00, 0x00, 0x00 @ 080AD0B0
	.byte 0x0e, 0x00, 0x00, 0x00, 0x00, 0x00, 0x00, 0x00, 0x00, 0x00, 0x00, 0x00, 0x00, 0x00, 0x00, 0x00 @ 080AD0C0
	.byte 0x0b, 0x00, 0x00, 0x00, 0x04, 0x00, 0x00, 0x00, 0x00, 0x00, 0x00, 0x00, 0x00, 0x00, 0x00, 0x00 @ 080AD0D0
	.byte 0x1d, 0x00, 0x00, 0x00, 0x18, 0x00, 0x00, 0x00, 0x6b, 0x00, 0x00, 0x00, 0x00, 0x00, 0x00, 0x00 @ 080AD0E0
	.byte 0x1c, 0x00, 0x00, 0x00, 0x01, 0x00, 0x00, 0x00, 0x01, 0x00, 0x00, 0x00, 0x00, 0x00, 0x00, 0x00 @ 080AD0F0
	.byte 0x0e, 0x00, 0x00, 0x00, 0x00, 0x00, 0x00, 0x00, 0x00, 0x00, 0x00, 0x00, 0x00, 0x00, 0x00, 0x00 @ 080AD100
	.byte 0x18, 0x00, 0x00, 0x00, 0x00, 0x00, 0x00, 0x00, 0x00, 0x00, 0x00, 0x00, 0x00, 0x00, 0x00, 0x00 @ 080AD110
	.byte 0x1c, 0x00, 0x00, 0x00, 0x01, 0x00, 0x00, 0x00, 0x02, 0x00, 0x00, 0x00, 0x00, 0x00, 0x00, 0x00 @ 080AD120
	.byte 0x0e, 0x00, 0x00, 0x00, 0x00, 0x00, 0x00, 0x00, 0x00, 0x00, 0x00, 0x00, 0x00, 0x00, 0x00, 0x00 @ 080AD130
	.byte 0x0b, 0x00, 0x00, 0x00, 0x05, 0x00, 0x00, 0x00, 0x00, 0x00, 0x00, 0x00, 0x00, 0x00, 0x00, 0x00 @ 080AD140
	.byte 0x09, 0x00, 0x00, 0x00, 0x00, 0x00, 0x00, 0x00, 0x00, 0x00, 0x00, 0x00, 0x00, 0x00, 0x00, 0x00 @ 080AD150
	.byte 0x0b, 0x00, 0x00, 0x00, 0x06, 0x00, 0x00, 0x00, 0x00, 0x00, 0x00, 0x00, 0x00, 0x00, 0x00, 0x00 @ 080AD160
	.byte 0x1b, 0x00, 0x00, 0x00, 0x01, 0x00, 0x00, 0x00, 0x03, 0x00, 0x00, 0x00, 0x00, 0x00, 0x00, 0x00 @ 080AD170
	.byte 0x0e, 0x00, 0x00, 0x00, 0x00, 0x00, 0x00, 0x00, 0x00, 0x00, 0x00, 0x00, 0x00, 0x00, 0x00, 0x00 @ 080AD180
	.byte 0x01, 0x00, 0x00, 0x00, 0x00, 0x00, 0x00, 0x00, 0x14, 0x00, 0x00, 0x00, 0x00, 0x00, 0x00, 0x00 @ 080AD190
	.byte 0x01, 0x00, 0x00, 0x00, 0x01, 0x00, 0x00, 0x00, 0x24, 0x00, 0x00, 0x00, 0x00, 0x00, 0x00, 0x00 @ 080AD1A0
	.byte 0x0e, 0x00, 0x00, 0x00, 0x00, 0x00, 0x00, 0x00, 0x00, 0x00, 0x00, 0x00, 0x00, 0x00, 0x00, 0x00 @ 080AD1B0
	.byte 0x00, 0x00, 0x00, 0x00, 0x00, 0x00, 0x00, 0x00, 0x00, 0x00, 0x00, 0x00, 0x00, 0x00, 0x00, 0x00 @ 080AD1C0
	.byte 0x0c, 0x00, 0x00, 0x00, 0x02, 0x00, 0x00, 0x00, 0x00, 0x00, 0x00, 0x00, 0x00, 0x00, 0x00, 0x00 @ 080AD1D0
	.byte 0x0b, 0x00, 0x00, 0x00, 0x02, 0x00, 0x00, 0x00, 0x00, 0x00, 0x00, 0x00, 0x00, 0x00, 0x00, 0x00 @ 080AD1E0
	.byte 0x0d, 0x00, 0x00, 0x00, 0x00, 0x00, 0x00, 0x00, 0x62, 0x00, 0x00, 0x00, 0xa4, 0x00, 0x00, 0x00 @ 080AD1F0
	.byte 0x0a, 0x00, 0x00, 0x00, 0x00, 0x00, 0x00, 0x00, 0x89, 0x04, 0x00, 0x00, 0x00, 0x00, 0x00, 0x00 @ 080AD200
	.byte 0x0d, 0x00, 0x00, 0x00, 0x01, 0x00, 0x00, 0x00, 0x78, 0x00, 0x00, 0x00, 0xac, 0x00, 0x00, 0x00 @ 080AD210
	.byte 0x0a, 0x00, 0x00, 0x00, 0x01, 0x00, 0x00, 0x00, 0x88, 0x04, 0x00, 0x00, 0x01, 0x00, 0x00, 0x00 @ 080AD220
	.byte 0x03, 0x00, 0x00, 0x00, 0x01, 0x00, 0x00, 0x00, 0x18, 0x00, 0x00, 0x00, 0x00, 0x00, 0x00, 0x00 @ 080AD230
	.byte 0x03, 0x00, 0x00, 0x00, 0x00, 0x00, 0x00, 0x00, 0x18, 0x00, 0x00, 0x00, 0x00, 0x00, 0x00, 0x00 @ 080AD240
	.byte 0x0e, 0x00, 0x00, 0x00, 0x00, 0x00, 0x00, 0x00, 0x00, 0x00, 0x00, 0x00, 0x00, 0x00, 0x00, 0x00 @ 080AD250
	.byte 0x0b, 0x00, 0x00, 0x00, 0x03, 0x00, 0x00, 0x00, 0x00, 0x00, 0x00, 0x00, 0x00, 0x00, 0x00, 0x00 @ 080AD260
	.byte 0x05, 0x00, 0x00, 0x00, 0x76, 0x00, 0x00, 0x00, 0x8a, 0x00, 0x00, 0x00, 0x00, 0x00, 0x00, 0x00 @ 080AD270
	.byte 0x18, 0x00, 0x00, 0x00, 0x00, 0x00, 0x00, 0x00, 0x00, 0x00, 0x00, 0x00, 0x00, 0x00, 0x00, 0x00 @ 080AD280
	.byte 0x0b, 0x00, 0x00, 0x00, 0x05, 0x00, 0x00, 0x00, 0x00, 0x00, 0x00, 0x00, 0x00, 0x00, 0x00, 0x00 @ 080AD290
	.byte 0x09, 0x00, 0x00, 0x00, 0x00, 0x00, 0x00, 0x00, 0x00, 0x00, 0x00, 0x00, 0x00, 0x00, 0x00, 0x00 @ 080AD2A0
	.byte 0x0b, 0x00, 0x00, 0x00, 0x06, 0x00, 0x00, 0x00, 0x00, 0x00, 0x00, 0x00, 0x00, 0x00, 0x00, 0x00 @ 080AD2B0
	.byte 0x04, 0x00, 0x00, 0x00, 0x00, 0x00, 0x00, 0x00, 0x18, 0x00, 0x00, 0x00, 0x00, 0x00, 0x00, 0x00 @ 080AD2C0
	.byte 0x04, 0x00, 0x00, 0x00, 0x01, 0x00, 0x00, 0x00, 0x18, 0x00, 0x00, 0x00, 0x00, 0x00, 0x00, 0x00 @ 080AD2D0
	.byte 0x0e, 0x00, 0x00, 0x00, 0x00, 0x00, 0x00, 0x00, 0x00, 0x00, 0x00, 0x00, 0x00, 0x00, 0x00, 0x00 @ 080AD2E0
	.byte 0x00, 0x00, 0x00, 0x00, 0x00, 0x00, 0x00, 0x00, 0x00, 0x00, 0x00, 0x00, 0x00, 0x00, 0x00, 0x00 @ 080AD2F0
	.byte 0x0c, 0x00, 0x00, 0x00, 0x02, 0x00, 0x00, 0x00, 0x00, 0x00, 0x00, 0x00, 0x00, 0x00, 0x00, 0x00 @ 080AD300
	.byte 0x0b, 0x00, 0x00, 0x00, 0x02, 0x00, 0x00, 0x00, 0x00, 0x00, 0x00, 0x00, 0x00, 0x00, 0x00, 0x00 @ 080AD310
	.byte 0x0d, 0x00, 0x00, 0x00, 0x00, 0x00, 0x00, 0x00, 0xf4, 0x00, 0x00, 0x00, 0x0c, 0x00, 0x00, 0x00 @ 080AD320
	.byte 0x0a, 0x00, 0x00, 0x00, 0x00, 0x00, 0x00, 0x00, 0x8d, 0x04, 0x00, 0x00, 0x00, 0x00, 0x00, 0x00 @ 080AD330
	.byte 0x0d, 0x00, 0x00, 0x00, 0x01, 0x00, 0x00, 0x00, 0x2c, 0x01, 0x00, 0x00, 0x14, 0x00, 0x00, 0x00 @ 080AD340
	.byte 0x0a, 0x00, 0x00, 0x00, 0x01, 0x00, 0x00, 0x00, 0x6e, 0x04, 0x00, 0x00, 0x01, 0x00, 0x00, 0x00 @ 080AD350
	.byte 0x01, 0x00, 0x00, 0x00, 0x01, 0x00, 0x00, 0x00, 0x24, 0x00, 0x00, 0x00, 0x00, 0x00, 0x00, 0x00 @ 080AD360
	.byte 0x01, 0x00, 0x00, 0x00, 0x00, 0x00, 0x00, 0x00, 0x18, 0x00, 0x00, 0x00, 0x00, 0x00, 0x00, 0x00 @ 080AD370
	.byte 0x0e, 0x00, 0x00, 0x00, 0x01, 0x00, 0x00, 0x00, 0x00, 0x00, 0x00, 0x00, 0x00, 0x00, 0x00, 0x00 @ 080AD380
	.byte 0x0f, 0x00, 0x00, 0x00, 0x01, 0x00, 0x00, 0x00, 0x00, 0x00, 0x00, 0x00, 0x00, 0x00, 0x00, 0x00 @ 080AD390
	.byte 0x0e, 0x00, 0x00, 0x00, 0x00, 0x00, 0x00, 0x00, 0x00, 0x00, 0x00, 0x00, 0x00, 0x00, 0x00, 0x00 @ 080AD3A0
	.byte 0x0b, 0x00, 0x00, 0x00, 0x03, 0x00, 0x00, 0x00, 0x00, 0x00, 0x00, 0x00, 0x00, 0x00, 0x00, 0x00 @ 080AD3B0
	.byte 0x05, 0x00, 0x00, 0x00, 0xd8, 0x00, 0x00, 0x00, 0x0b, 0x00, 0x00, 0x00, 0x01, 0x00, 0x00, 0x00 @ 080AD3C0
	.byte 0x0f, 0x00, 0x00, 0x00, 0x01, 0x00, 0x00, 0x00, 0x01, 0x00, 0x00, 0x00, 0x00, 0x00, 0x00, 0x00 @ 080AD3D0
	.byte 0x0e, 0x00, 0x00, 0x00, 0x00, 0x00, 0x00, 0x00, 0x00, 0x00, 0x00, 0x00, 0x00, 0x00, 0x00, 0x00 @ 080AD3E0
	.byte 0x18, 0x00, 0x00, 0x00, 0x00, 0x00, 0x00, 0x00, 0x00, 0x00, 0x00, 0x00, 0x00, 0x00, 0x00, 0x00 @ 080AD3F0
	.byte 0x0f, 0x00, 0x00, 0x00, 0x01, 0x00, 0x00, 0x00, 0x02, 0x00, 0x00, 0x00, 0x00, 0x00, 0x00, 0x00 @ 080AD400
	.byte 0x0e, 0x00, 0x00, 0x00, 0x00, 0x00, 0x00, 0x00, 0x00, 0x00, 0x00, 0x00, 0x00, 0x00, 0x00, 0x00 @ 080AD410
	.byte 0x0b, 0x00, 0x00, 0x00, 0x05, 0x00, 0x00, 0x00, 0x00, 0x00, 0x00, 0x00, 0x00, 0x00, 0x00, 0x00 @ 080AD420
	.byte 0x09, 0x00, 0x00, 0x00, 0x00, 0x00, 0x00, 0x00, 0x00, 0x00, 0x00, 0x00, 0x00, 0x00, 0x00, 0x00 @ 080AD430
	.byte 0x0b, 0x00, 0x00, 0x00, 0x06, 0x00, 0x00, 0x00, 0x00, 0x00, 0x00, 0x00, 0x00, 0x00, 0x00, 0x00 @ 080AD440
	.byte 0x10, 0x00, 0x00, 0x00, 0x01, 0x00, 0x00, 0x00, 0x03, 0x00, 0x00, 0x00, 0x00, 0x00, 0x00, 0x00 @ 080AD450
	.byte 0x0e, 0x00, 0x00, 0x00, 0x00, 0x00, 0x00, 0x00, 0x00, 0x00, 0x00, 0x00, 0x00, 0x00, 0x00, 0x00 @ 080AD460
	.byte 0x02, 0x00, 0x00, 0x00, 0x00, 0x00, 0x00, 0x00, 0x14, 0x00, 0x00, 0x00, 0x00, 0x00, 0x00, 0x00 @ 080AD470
	.byte 0x02, 0x00, 0x00, 0x00, 0x01, 0x00, 0x00, 0x00, 0x24, 0x00, 0x00, 0x00, 0x00, 0x00, 0x00, 0x00 @ 080AD480
	.byte 0x0e, 0x00, 0x00, 0x00, 0x00, 0x00, 0x00, 0x00, 0x00, 0x00, 0x00, 0x00, 0x00, 0x00, 0x00, 0x00 @ 080AD490
	.byte 0x00, 0x00, 0x00, 0x00, 0x00, 0x00, 0x00, 0x00, 0x00, 0x00, 0x00, 0x00, 0x00, 0x00, 0x00, 0x00 @ 080AD4A0
	.byte 0x0c, 0x00, 0x00, 0x00, 0x02, 0x00, 0x00, 0x00, 0x00, 0x00, 0x00, 0x00, 0x00, 0x00, 0x00, 0x00 @ 080AD4B0
	.byte 0x0b, 0x00, 0x00, 0x00, 0x02, 0x00, 0x00, 0x00, 0x00, 0x00, 0x00, 0x00, 0x00, 0x00, 0x00, 0x00 @ 080AD4C0
	.byte 0x0d, 0x00, 0x00, 0x00, 0x00, 0x00, 0x00, 0x00, 0xf4, 0x00, 0x00, 0x00, 0x0c, 0x00, 0x00, 0x00 @ 080AD4D0
	.byte 0x0a, 0x00, 0x00, 0x00, 0x00, 0x00, 0x00, 0x00, 0x8e, 0x04, 0x00, 0x00, 0x00, 0x00, 0x00, 0x00 @ 080AD4E0
	.byte 0x0d, 0x00, 0x00, 0x00, 0x01, 0x00, 0x00, 0x00, 0x2c, 0x01, 0x00, 0x00, 0x14, 0x00, 0x00, 0x00 @ 080AD4F0
	.byte 0x0a, 0x00, 0x00, 0x00, 0x01, 0x00, 0x00, 0x00, 0x6e, 0x04, 0x00, 0x00, 0x01, 0x00, 0x00, 0x00 @ 080AD500
	.byte 0x01, 0x00, 0x00, 0x00, 0x01, 0x00, 0x00, 0x00, 0x24, 0x00, 0x00, 0x00, 0x00, 0x00, 0x00, 0x00 @ 080AD510
	.byte 0x01, 0x00, 0x00, 0x00, 0x00, 0x00, 0x00, 0x00, 0x18, 0x00, 0x00, 0x00, 0x00, 0x00, 0x00, 0x00 @ 080AD520
	.byte 0x0e, 0x00, 0x00, 0x00, 0x01, 0x00, 0x00, 0x00, 0x00, 0x00, 0x00, 0x00, 0x00, 0x00, 0x00, 0x00 @ 080AD530
	.byte 0x0f, 0x00, 0x00, 0x00, 0x01, 0x00, 0x00, 0x00, 0x00, 0x00, 0x00, 0x00, 0x00, 0x00, 0x00, 0x00 @ 080AD540
	.byte 0x0e, 0x00, 0x00, 0x00, 0x00, 0x00, 0x00, 0x00, 0x00, 0x00, 0x00, 0x00, 0x00, 0x00, 0x00, 0x00 @ 080AD550
	.byte 0x0b, 0x00, 0x00, 0x00, 0x03, 0x00, 0x00, 0x00, 0x00, 0x00, 0x00, 0x00, 0x00, 0x00, 0x00, 0x00 @ 080AD560
	.byte 0x05, 0x00, 0x00, 0x00, 0xd8, 0x00, 0x00, 0x00, 0x0b, 0x00, 0x00, 0x00, 0x01, 0x00, 0x00, 0x00 @ 080AD570
	.byte 0x0f, 0x00, 0x00, 0x00, 0x01, 0x00, 0x00, 0x00, 0x01, 0x00, 0x00, 0x00, 0x00, 0x00, 0x00, 0x00 @ 080AD580
	.byte 0x0e, 0x00, 0x00, 0x00, 0x00, 0x00, 0x00, 0x00, 0x00, 0x00, 0x00, 0x00, 0x00, 0x00, 0x00, 0x00 @ 080AD590
	.byte 0x18, 0x00, 0x00, 0x00, 0x00, 0x00, 0x00, 0x00, 0x00, 0x00, 0x00, 0x00, 0x00, 0x00, 0x00, 0x00 @ 080AD5A0
	.byte 0x0f, 0x00, 0x00, 0x00, 0x01, 0x00, 0x00, 0x00, 0x02, 0x00, 0x00, 0x00, 0x00, 0x00, 0x00, 0x00 @ 080AD5B0
	.byte 0x0e, 0x00, 0x00, 0x00, 0x00, 0x00, 0x00, 0x00, 0x00, 0x00, 0x00, 0x00, 0x00, 0x00, 0x00, 0x00 @ 080AD5C0
	.byte 0x0b, 0x00, 0x00, 0x00, 0x05, 0x00, 0x00, 0x00, 0x00, 0x00, 0x00, 0x00, 0x00, 0x00, 0x00, 0x00 @ 080AD5D0
	.byte 0x09, 0x00, 0x00, 0x00, 0x00, 0x00, 0x00, 0x00, 0x00, 0x00, 0x00, 0x00, 0x00, 0x00, 0x00, 0x00 @ 080AD5E0
	.byte 0x0b, 0x00, 0x00, 0x00, 0x06, 0x00, 0x00, 0x00, 0x00, 0x00, 0x00, 0x00, 0x00, 0x00, 0x00, 0x00 @ 080AD5F0
	.byte 0x10, 0x00, 0x00, 0x00, 0x01, 0x00, 0x00, 0x00, 0x03, 0x00, 0x00, 0x00, 0x00, 0x00, 0x00, 0x00 @ 080AD600
	.byte 0x0e, 0x00, 0x00, 0x00, 0x00, 0x00, 0x00, 0x00, 0x00, 0x00, 0x00, 0x00, 0x00, 0x00, 0x00, 0x00 @ 080AD610
	.byte 0x02, 0x00, 0x00, 0x00, 0x00, 0x00, 0x00, 0x00, 0x14, 0x00, 0x00, 0x00, 0x00, 0x00, 0x00, 0x00 @ 080AD620
	.byte 0x02, 0x00, 0x00, 0x00, 0x01, 0x00, 0x00, 0x00, 0x24, 0x00, 0x00, 0x00, 0x00, 0x00, 0x00, 0x00 @ 080AD630
	.byte 0x0e, 0x00, 0x00, 0x00, 0x00, 0x00, 0x00, 0x00, 0x00, 0x00, 0x00, 0x00, 0x00, 0x00, 0x00, 0x00 @ 080AD640
	.byte 0x00, 0x00, 0x00, 0x00, 0x00, 0x00, 0x00, 0x00, 0x00, 0x00, 0x00, 0x00, 0x00, 0x00, 0x00, 0x00 @ 080AD650
	.byte 0x0c, 0x00, 0x00, 0x00, 0x02, 0x00, 0x00, 0x00, 0x00, 0x00, 0x00, 0x00, 0x00, 0x00, 0x00, 0x00 @ 080AD660
	.byte 0x0b, 0x00, 0x00, 0x00, 0x02, 0x00, 0x00, 0x00, 0x00, 0x00, 0x00, 0x00, 0x00, 0x00, 0x00, 0x00 @ 080AD670
	.byte 0x0d, 0x00, 0x00, 0x00, 0x00, 0x00, 0x00, 0x00, 0xf4, 0x00, 0x00, 0x00, 0x0c, 0x00, 0x00, 0x00 @ 080AD680
	.byte 0x0a, 0x00, 0x00, 0x00, 0x00, 0x00, 0x00, 0x00, 0x6b, 0x04, 0x00, 0x00, 0x00, 0x00, 0x00, 0x00 @ 080AD690
	.byte 0x0d, 0x00, 0x00, 0x00, 0x01, 0x00, 0x00, 0x00, 0x44, 0x01, 0x00, 0x00, 0x14, 0x00, 0x00, 0x00 @ 080AD6A0
	.byte 0x0a, 0x00, 0x00, 0x00, 0x01, 0x00, 0x00, 0x00, 0x6c, 0x04, 0x00, 0x00, 0x01, 0x00, 0x00, 0x00 @ 080AD6B0
	.byte 0x01, 0x00, 0x00, 0x00, 0x01, 0x00, 0x00, 0x00, 0x24, 0x00, 0x00, 0x00, 0x00, 0x00, 0x00, 0x00 @ 080AD6C0
	.byte 0x01, 0x00, 0x00, 0x00, 0x00, 0x00, 0x00, 0x00, 0x18, 0x00, 0x00, 0x00, 0x00, 0x00, 0x00, 0x00 @ 080AD6D0
	.byte 0x0e, 0x00, 0x00, 0x00, 0x01, 0x00, 0x00, 0x00, 0x00, 0x00, 0x00, 0x00, 0x00, 0x00, 0x00, 0x00 @ 080AD6E0
	.byte 0x1b, 0x00, 0x00, 0x00, 0x01, 0x00, 0x00, 0x00, 0x00, 0x00, 0x00, 0x00, 0x00, 0x00, 0x00, 0x00 @ 080AD6F0
	.byte 0x0e, 0x00, 0x00, 0x00, 0x00, 0x00, 0x00, 0x00, 0x00, 0x00, 0x00, 0x00, 0x00, 0x00, 0x00, 0x00 @ 080AD700
	.byte 0x0b, 0x00, 0x00, 0x00, 0x04, 0x00, 0x00, 0x00, 0x00, 0x00, 0x00, 0x00, 0x00, 0x00, 0x00, 0x00 @ 080AD710
	.byte 0x1d, 0x00, 0x00, 0x00, 0xd8, 0x00, 0x00, 0x00, 0x0b, 0x00, 0x00, 0x00, 0x01, 0x00, 0x00, 0x00 @ 080AD720
	.byte 0x1b, 0x00, 0x00, 0x00, 0x01, 0x00, 0x00, 0x00, 0x01, 0x00, 0x00, 0x00, 0x00, 0x00, 0x00, 0x00 @ 080AD730
	.byte 0x0e, 0x00, 0x00, 0x00, 0x00, 0x00, 0x00, 0x00, 0x00, 0x00, 0x00, 0x00, 0x00, 0x00, 0x00, 0x00 @ 080AD740
	.byte 0x07, 0x00, 0x00, 0x00, 0x00, 0x00, 0x00, 0x00, 0x00, 0x00, 0x00, 0x00, 0x00, 0x00, 0x00, 0x00 @ 080AD750
	.byte 0x1b, 0x00, 0x00, 0x00, 0x01, 0x00, 0x00, 0x00, 0x02, 0x00, 0x00, 0x00, 0x00, 0x00, 0x00, 0x00 @ 080AD760
	.byte 0x0e, 0x00, 0x00, 0x00, 0x00, 0x00, 0x00, 0x00, 0x00, 0x00, 0x00, 0x00, 0x00, 0x00, 0x00, 0x00 @ 080AD770
	.byte 0x0b, 0x00, 0x00, 0x00, 0x05, 0x00, 0x00, 0x00, 0x00, 0x00, 0x00, 0x00, 0x00, 0x00, 0x00, 0x00 @ 080AD780
	.byte 0x09, 0x00, 0x00, 0x00, 0x00, 0x00, 0x00, 0x00, 0x00, 0x00, 0x00, 0x00, 0x00, 0x00, 0x00, 0x00 @ 080AD790
	.byte 0x0b, 0x00, 0x00, 0x00, 0x06, 0x00, 0x00, 0x00, 0x00, 0x00, 0x00, 0x00, 0x00, 0x00, 0x00, 0x00 @ 080AD7A0
	.byte 0x1c, 0x00, 0x00, 0x00, 0x01, 0x00, 0x00, 0x00, 0x03, 0x00, 0x00, 0x00, 0x00, 0x00, 0x00, 0x00 @ 080AD7B0
	.byte 0x0e, 0x00, 0x00, 0x00, 0x00, 0x00, 0x00, 0x00, 0x00, 0x00, 0x00, 0x00, 0x00, 0x00, 0x00, 0x00 @ 080AD7C0
	.byte 0x02, 0x00, 0x00, 0x00, 0x00, 0x00, 0x00, 0x00, 0x14, 0x00, 0x00, 0x00, 0x00, 0x00, 0x00, 0x00 @ 080AD7D0
	.byte 0x02, 0x00, 0x00, 0x00, 0x01, 0x00, 0x00, 0x00, 0x24, 0x00, 0x00, 0x00, 0x00, 0x00, 0x00, 0x00 @ 080AD7E0
	.byte 0x0e, 0x00, 0x00, 0x00, 0x00, 0x00, 0x00, 0x00, 0x00, 0x00, 0x00, 0x00, 0x00, 0x00, 0x00, 0x00 @ 080AD7F0
	.byte 0x00, 0x00, 0x00, 0x00, 0x00, 0x00, 0x00, 0x00, 0x00, 0x00, 0x00, 0x00, 0x00, 0x00, 0x00, 0x00 @ 080AD800
	.byte 0x0c, 0x00, 0x00, 0x00, 0x02, 0x00, 0x00, 0x00, 0x00, 0x00, 0x00, 0x00, 0x00, 0x00, 0x00, 0x00 @ 080AD810
	.byte 0x0b, 0x00, 0x00, 0x00, 0x02, 0x00, 0x00, 0x00, 0x00, 0x00, 0x00, 0x00, 0x00, 0x00, 0x00, 0x00 @ 080AD820
	.byte 0x0d, 0x00, 0x00, 0x00, 0x00, 0x00, 0x00, 0x00, 0xf4, 0x00, 0x00, 0x00, 0x0c, 0x00, 0x00, 0x00 @ 080AD830
	.byte 0x0a, 0x00, 0x00, 0x00, 0x00, 0x00, 0x00, 0x00, 0x71, 0x04, 0x00, 0x00, 0x00, 0x00, 0x00, 0x00 @ 080AD840
	.byte 0x0d, 0x00, 0x00, 0x00, 0x01, 0x00, 0x00, 0x00, 0x44, 0x01, 0x00, 0x00, 0x14, 0x00, 0x00, 0x00 @ 080AD850
	.byte 0x0a, 0x00, 0x00, 0x00, 0x01, 0x00, 0x00, 0x00, 0x6c, 0x04, 0x00, 0x00, 0x01, 0x00, 0x00, 0x00 @ 080AD860
	.byte 0x01, 0x00, 0x00, 0x00, 0x01, 0x00, 0x00, 0x00, 0x24, 0x00, 0x00, 0x00, 0x00, 0x00, 0x00, 0x00 @ 080AD870
	.byte 0x01, 0x00, 0x00, 0x00, 0x00, 0x00, 0x00, 0x00, 0x18, 0x00, 0x00, 0x00, 0x00, 0x00, 0x00, 0x00 @ 080AD880
	.byte 0x0e, 0x00, 0x00, 0x00, 0x01, 0x00, 0x00, 0x00, 0x00, 0x00, 0x00, 0x00, 0x00, 0x00, 0x00, 0x00 @ 080AD890
	.byte 0x1b, 0x00, 0x00, 0x00, 0x01, 0x00, 0x00, 0x00, 0x00, 0x00, 0x00, 0x00, 0x00, 0x00, 0x00, 0x00 @ 080AD8A0
	.byte 0x0e, 0x00, 0x00, 0x00, 0x00, 0x00, 0x00, 0x00, 0x00, 0x00, 0x00, 0x00, 0x00, 0x00, 0x00, 0x00 @ 080AD8B0
	.byte 0x0b, 0x00, 0x00, 0x00, 0x04, 0x00, 0x00, 0x00, 0x00, 0x00, 0x00, 0x00, 0x00, 0x00, 0x00, 0x00 @ 080AD8C0
	.byte 0x1d, 0x00, 0x00, 0x00, 0xd8, 0x00, 0x00, 0x00, 0x0b, 0x00, 0x00, 0x00, 0x01, 0x00, 0x00, 0x00 @ 080AD8D0
	.byte 0x1b, 0x00, 0x00, 0x00, 0x01, 0x00, 0x00, 0x00, 0x01, 0x00, 0x00, 0x00, 0x00, 0x00, 0x00, 0x00 @ 080AD8E0
	.byte 0x0e, 0x00, 0x00, 0x00, 0x00, 0x00, 0x00, 0x00, 0x00, 0x00, 0x00, 0x00, 0x00, 0x00, 0x00, 0x00 @ 080AD8F0
	.byte 0x07, 0x00, 0x00, 0x00, 0x00, 0x00, 0x00, 0x00, 0x00, 0x00, 0x00, 0x00, 0x00, 0x00, 0x00, 0x00 @ 080AD900
	.byte 0x1b, 0x00, 0x00, 0x00, 0x01, 0x00, 0x00, 0x00, 0x02, 0x00, 0x00, 0x00, 0x00, 0x00, 0x00, 0x00 @ 080AD910
	.byte 0x0e, 0x00, 0x00, 0x00, 0x00, 0x00, 0x00, 0x00, 0x00, 0x00, 0x00, 0x00, 0x00, 0x00, 0x00, 0x00 @ 080AD920
	.byte 0x0b, 0x00, 0x00, 0x00, 0x05, 0x00, 0x00, 0x00, 0x00, 0x00, 0x00, 0x00, 0x00, 0x00, 0x00, 0x00 @ 080AD930
	.byte 0x09, 0x00, 0x00, 0x00, 0x00, 0x00, 0x00, 0x00, 0x00, 0x00, 0x00, 0x00, 0x00, 0x00, 0x00, 0x00 @ 080AD940
	.byte 0x0b, 0x00, 0x00, 0x00, 0x06, 0x00, 0x00, 0x00, 0x00, 0x00, 0x00, 0x00, 0x00, 0x00, 0x00, 0x00 @ 080AD950
	.byte 0x1c, 0x00, 0x00, 0x00, 0x01, 0x00, 0x00, 0x00, 0x03, 0x00, 0x00, 0x00, 0x00, 0x00, 0x00, 0x00 @ 080AD960
	.byte 0x0e, 0x00, 0x00, 0x00, 0x00, 0x00, 0x00, 0x00, 0x00, 0x00, 0x00, 0x00, 0x00, 0x00, 0x00, 0x00 @ 080AD970
	.byte 0x02, 0x00, 0x00, 0x00, 0x00, 0x00, 0x00, 0x00, 0x14, 0x00, 0x00, 0x00, 0x00, 0x00, 0x00, 0x00 @ 080AD980
	.byte 0x02, 0x00, 0x00, 0x00, 0x01, 0x00, 0x00, 0x00, 0x24, 0x00, 0x00, 0x00, 0x00, 0x00, 0x00, 0x00 @ 080AD990
	.byte 0x0e, 0x00, 0x00, 0x00, 0x00, 0x00, 0x00, 0x00, 0x00, 0x00, 0x00, 0x00, 0x00, 0x00, 0x00, 0x00 @ 080AD9A0
	.byte 0x00, 0x00, 0x00, 0x00, 0x00, 0x00, 0x00, 0x00, 0x00, 0x00, 0x00, 0x00, 0x00, 0x00, 0x00, 0x00 @ 080AD9B0
	.byte 0x0c, 0x00, 0x00, 0x00, 0x02, 0x00, 0x00, 0x00, 0x00, 0x00, 0x00, 0x00, 0x00, 0x00, 0x00, 0x00 @ 080AD9C0
	.byte 0x0b, 0x00, 0x00, 0x00, 0x02, 0x00, 0x00, 0x00, 0x00, 0x00, 0x00, 0x00, 0x00, 0x00, 0x00, 0x00 @ 080AD9D0
	.byte 0x0d, 0x00, 0x00, 0x00, 0x00, 0x00, 0x00, 0x00, 0xf4, 0x00, 0x00, 0x00, 0x0c, 0x00, 0x00, 0x00 @ 080AD9E0
	.byte 0x0a, 0x00, 0x00, 0x00, 0x00, 0x00, 0x00, 0x00, 0x6a, 0x04, 0x00, 0x00, 0x00, 0x00, 0x00, 0x00 @ 080AD9F0
	.byte 0x0d, 0x00, 0x00, 0x00, 0x01, 0x00, 0x00, 0x00, 0x44, 0x01, 0x00, 0x00, 0x14, 0x00, 0x00, 0x00 @ 080ADA00
	.byte 0x0a, 0x00, 0x00, 0x00, 0x01, 0x00, 0x00, 0x00, 0x6c, 0x04, 0x00, 0x00, 0x01, 0x00, 0x00, 0x00 @ 080ADA10
	.byte 0x01, 0x00, 0x00, 0x00, 0x01, 0x00, 0x00, 0x00, 0x24, 0x00, 0x00, 0x00, 0x00, 0x00, 0x00, 0x00 @ 080ADA20
	.byte 0x01, 0x00, 0x00, 0x00, 0x00, 0x00, 0x00, 0x00, 0x18, 0x00, 0x00, 0x00, 0x00, 0x00, 0x00, 0x00 @ 080ADA30
	.byte 0x0e, 0x00, 0x00, 0x00, 0x01, 0x00, 0x00, 0x00, 0x00, 0x00, 0x00, 0x00, 0x00, 0x00, 0x00, 0x00 @ 080ADA40
	.byte 0x1b, 0x00, 0x00, 0x00, 0x01, 0x00, 0x00, 0x00, 0x00, 0x00, 0x00, 0x00, 0x00, 0x00, 0x00, 0x00 @ 080ADA50
	.byte 0x0e, 0x00, 0x00, 0x00, 0x00, 0x00, 0x00, 0x00, 0x00, 0x00, 0x00, 0x00, 0x00, 0x00, 0x00, 0x00 @ 080ADA60
	.byte 0x0b, 0x00, 0x00, 0x00, 0x04, 0x00, 0x00, 0x00, 0x00, 0x00, 0x00, 0x00, 0x00, 0x00, 0x00, 0x00 @ 080ADA70
	.byte 0x1d, 0x00, 0x00, 0x00, 0xd8, 0x00, 0x00, 0x00, 0x0b, 0x00, 0x00, 0x00, 0x01, 0x00, 0x00, 0x00 @ 080ADA80
	.byte 0x1b, 0x00, 0x00, 0x00, 0x01, 0x00, 0x00, 0x00, 0x01, 0x00, 0x00, 0x00, 0x00, 0x00, 0x00, 0x00 @ 080ADA90
	.byte 0x0e, 0x00, 0x00, 0x00, 0x00, 0x00, 0x00, 0x00, 0x00, 0x00, 0x00, 0x00, 0x00, 0x00, 0x00, 0x00 @ 080ADAA0
	.byte 0x07, 0x00, 0x00, 0x00, 0x00, 0x00, 0x00, 0x00, 0x00, 0x00, 0x00, 0x00, 0x00, 0x00, 0x00, 0x00 @ 080ADAB0
	.byte 0x1b, 0x00, 0x00, 0x00, 0x01, 0x00, 0x00, 0x00, 0x02, 0x00, 0x00, 0x00, 0x00, 0x00, 0x00, 0x00 @ 080ADAC0
	.byte 0x0e, 0x00, 0x00, 0x00, 0x00, 0x00, 0x00, 0x00, 0x00, 0x00, 0x00, 0x00, 0x00, 0x00, 0x00, 0x00 @ 080ADAD0
	.byte 0x0b, 0x00, 0x00, 0x00, 0x05, 0x00, 0x00, 0x00, 0x00, 0x00, 0x00, 0x00, 0x00, 0x00, 0x00, 0x00 @ 080ADAE0
	.byte 0x09, 0x00, 0x00, 0x00, 0x00, 0x00, 0x00, 0x00, 0x00, 0x00, 0x00, 0x00, 0x00, 0x00, 0x00, 0x00 @ 080ADAF0
	.byte 0x0b, 0x00, 0x00, 0x00, 0x06, 0x00, 0x00, 0x00, 0x00, 0x00, 0x00, 0x00, 0x00, 0x00, 0x00, 0x00 @ 080ADB00
	.byte 0x1c, 0x00, 0x00, 0x00, 0x01, 0x00, 0x00, 0x00, 0x03, 0x00, 0x00, 0x00, 0x00, 0x00, 0x00, 0x00 @ 080ADB10
	.byte 0x0e, 0x00, 0x00, 0x00, 0x00, 0x00, 0x00, 0x00, 0x00, 0x00, 0x00, 0x00, 0x00, 0x00, 0x00, 0x00 @ 080ADB20
	.byte 0x02, 0x00, 0x00, 0x00, 0x00, 0x00, 0x00, 0x00, 0x14, 0x00, 0x00, 0x00, 0x00, 0x00, 0x00, 0x00 @ 080ADB30
	.byte 0x02, 0x00, 0x00, 0x00, 0x01, 0x00, 0x00, 0x00, 0x24, 0x00, 0x00, 0x00, 0x00, 0x00, 0x00, 0x00 @ 080ADB40
	.byte 0x0e, 0x00, 0x00, 0x00, 0x00, 0x00, 0x00, 0x00, 0x00, 0x00, 0x00, 0x00, 0x00, 0x00, 0x00, 0x00 @ 080ADB50
	.byte 0x00, 0x00, 0x00, 0x00, 0x00, 0x00, 0x00, 0x00, 0x00, 0x00, 0x00, 0x00, 0x00, 0x00, 0x00, 0x00 @ 080ADB60
	.byte 0x0c, 0x00, 0x00, 0x00, 0x02, 0x00, 0x00, 0x00, 0x00, 0x00, 0x00, 0x00, 0x00, 0x00, 0x00, 0x00 @ 080ADB70
	.byte 0x0b, 0x00, 0x00, 0x00, 0x02, 0x00, 0x00, 0x00, 0x00, 0x00, 0x00, 0x00, 0x00, 0x00, 0x00, 0x00 @ 080ADB80
	.byte 0x0d, 0x00, 0x00, 0x00, 0x00, 0x00, 0x00, 0x00, 0xf4, 0x00, 0x00, 0x00, 0x54, 0x00, 0x00, 0x00 @ 080ADB90
	.byte 0x0a, 0x00, 0x00, 0x00, 0x00, 0x00, 0x00, 0x00, 0x68, 0x04, 0x00, 0x00, 0x00, 0x00, 0x00, 0x00 @ 080ADBA0
	.byte 0x0d, 0x00, 0x00, 0x00, 0x01, 0x00, 0x00, 0x00, 0x2c, 0x01, 0x00, 0x00, 0x5c, 0x00, 0x00, 0x00 @ 080ADBB0
	.byte 0x0a, 0x00, 0x00, 0x00, 0x01, 0x00, 0x00, 0x00, 0x6e, 0x04, 0x00, 0x00, 0x01, 0x00, 0x00, 0x00 @ 080ADBC0
	.byte 0x01, 0x00, 0x00, 0x00, 0x01, 0x00, 0x00, 0x00, 0x24, 0x00, 0x00, 0x00, 0x00, 0x00, 0x00, 0x00 @ 080ADBD0
	.byte 0x01, 0x00, 0x00, 0x00, 0x00, 0x00, 0x00, 0x00, 0x18, 0x00, 0x00, 0x00, 0x00, 0x00, 0x00, 0x00 @ 080ADBE0
	.byte 0x0e, 0x00, 0x00, 0x00, 0x01, 0x00, 0x00, 0x00, 0x00, 0x00, 0x00, 0x00, 0x00, 0x00, 0x00, 0x00 @ 080ADBF0
	.byte 0x0f, 0x00, 0x00, 0x00, 0x01, 0x00, 0x00, 0x00, 0x00, 0x00, 0x00, 0x00, 0x00, 0x00, 0x00, 0x00 @ 080ADC00
	.byte 0x0e, 0x00, 0x00, 0x00, 0x00, 0x00, 0x00, 0x00, 0x00, 0x00, 0x00, 0x00, 0x00, 0x00, 0x00, 0x00 @ 080ADC10
	.byte 0x0b, 0x00, 0x00, 0x00, 0x03, 0x00, 0x00, 0x00, 0x00, 0x00, 0x00, 0x00, 0x00, 0x00, 0x00, 0x00 @ 080ADC20
	.byte 0x05, 0x00, 0x00, 0x00, 0xd8, 0x00, 0x00, 0x00, 0x53, 0x00, 0x00, 0x00, 0x01, 0x00, 0x00, 0x00 @ 080ADC30
	.byte 0x0f, 0x00, 0x00, 0x00, 0x01, 0x00, 0x00, 0x00, 0x01, 0x00, 0x00, 0x00, 0x00, 0x00, 0x00, 0x00 @ 080ADC40
	.byte 0x0e, 0x00, 0x00, 0x00, 0x00, 0x00, 0x00, 0x00, 0x00, 0x00, 0x00, 0x00, 0x00, 0x00, 0x00, 0x00 @ 080ADC50
	.byte 0x18, 0x00, 0x00, 0x00, 0x00, 0x00, 0x00, 0x00, 0x00, 0x00, 0x00, 0x00, 0x00, 0x00, 0x00, 0x00 @ 080ADC60
	.byte 0x0f, 0x00, 0x00, 0x00, 0x01, 0x00, 0x00, 0x00, 0x02, 0x00, 0x00, 0x00, 0x00, 0x00, 0x00, 0x00 @ 080ADC70
	.byte 0x0e, 0x00, 0x00, 0x00, 0x00, 0x00, 0x00, 0x00, 0x00, 0x00, 0x00, 0x00, 0x00, 0x00, 0x00, 0x00 @ 080ADC80
	.byte 0x0b, 0x00, 0x00, 0x00, 0x05, 0x00, 0x00, 0x00, 0x00, 0x00, 0x00, 0x00, 0x00, 0x00, 0x00, 0x00 @ 080ADC90
	.byte 0x09, 0x00, 0x00, 0x00, 0x00, 0x00, 0x00, 0x00, 0x00, 0x00, 0x00, 0x00, 0x00, 0x00, 0x00, 0x00 @ 080ADCA0
	.byte 0x0b, 0x00, 0x00, 0x00, 0x06, 0x00, 0x00, 0x00, 0x00, 0x00, 0x00, 0x00, 0x00, 0x00, 0x00, 0x00 @ 080ADCB0
	.byte 0x10, 0x00, 0x00, 0x00, 0x01, 0x00, 0x00, 0x00, 0x03, 0x00, 0x00, 0x00, 0x00, 0x00, 0x00, 0x00 @ 080ADCC0
	.byte 0x0e, 0x00, 0x00, 0x00, 0x00, 0x00, 0x00, 0x00, 0x00, 0x00, 0x00, 0x00, 0x00, 0x00, 0x00, 0x00 @ 080ADCD0
	.byte 0x02, 0x00, 0x00, 0x00, 0x00, 0x00, 0x00, 0x00, 0x14, 0x00, 0x00, 0x00, 0x00, 0x00, 0x00, 0x00 @ 080ADCE0
	.byte 0x02, 0x00, 0x00, 0x00, 0x01, 0x00, 0x00, 0x00, 0x24, 0x00, 0x00, 0x00, 0x00, 0x00, 0x00, 0x00 @ 080ADCF0
	.byte 0x0e, 0x00, 0x00, 0x00, 0x00, 0x00, 0x00, 0x00, 0x00, 0x00, 0x00, 0x00, 0x00, 0x00, 0x00, 0x00 @ 080ADD00
	.byte 0x00, 0x00, 0x00, 0x00, 0x00, 0x00, 0x00, 0x00, 0x00, 0x00, 0x00, 0x00, 0x00, 0x00, 0x00, 0x00 @ 080ADD10
	.byte 0x0c, 0x00, 0x00, 0x00, 0x02, 0x00, 0x00, 0x00, 0x00, 0x00, 0x00, 0x00, 0x00, 0x00, 0x00, 0x00 @ 080ADD20
	.byte 0x0b, 0x00, 0x00, 0x00, 0x02, 0x00, 0x00, 0x00, 0x00, 0x00, 0x00, 0x00, 0x00, 0x00, 0x00, 0x00 @ 080ADD30
	.byte 0x0d, 0x00, 0x00, 0x00, 0x00, 0x00, 0x00, 0x00, 0xf4, 0x00, 0x00, 0x00, 0x6c, 0x00, 0x00, 0x00 @ 080ADD40
	.byte 0x0a, 0x00, 0x00, 0x00, 0x00, 0x00, 0x00, 0x00, 0x83, 0x04, 0x00, 0x00, 0x00, 0x00, 0x00, 0x00 @ 080ADD50
	.byte 0x0d, 0x00, 0x00, 0x00, 0x01, 0x00, 0x00, 0x00, 0x2c, 0x01, 0x00, 0x00, 0x74, 0x00, 0x00, 0x00 @ 080ADD60
	.byte 0x0a, 0x00, 0x00, 0x00, 0x01, 0x00, 0x00, 0x00, 0x6e, 0x04, 0x00, 0x00, 0x01, 0x00, 0x00, 0x00 @ 080ADD70
	.byte 0x01, 0x00, 0x00, 0x00, 0x01, 0x00, 0x00, 0x00, 0x24, 0x00, 0x00, 0x00, 0x00, 0x00, 0x00, 0x00 @ 080ADD80
	.byte 0x01, 0x00, 0x00, 0x00, 0x00, 0x00, 0x00, 0x00, 0x18, 0x00, 0x00, 0x00, 0x00, 0x00, 0x00, 0x00 @ 080ADD90
	.byte 0x0e, 0x00, 0x00, 0x00, 0x01, 0x00, 0x00, 0x00, 0x00, 0x00, 0x00, 0x00, 0x00, 0x00, 0x00, 0x00 @ 080ADDA0
	.byte 0x0f, 0x00, 0x00, 0x00, 0x01, 0x00, 0x00, 0x00, 0x00, 0x00, 0x00, 0x00, 0x00, 0x00, 0x00, 0x00 @ 080ADDB0
	.byte 0x0e, 0x00, 0x00, 0x00, 0x00, 0x00, 0x00, 0x00, 0x00, 0x00, 0x00, 0x00, 0x00, 0x00, 0x00, 0x00 @ 080ADDC0
	.byte 0x0b, 0x00, 0x00, 0x00, 0x03, 0x00, 0x00, 0x00, 0x00, 0x00, 0x00, 0x00, 0x00, 0x00, 0x00, 0x00 @ 080ADDD0
	.byte 0x05, 0x00, 0x00, 0x00, 0xd8, 0x00, 0x00, 0x00, 0x6b, 0x00, 0x00, 0x00, 0x01, 0x00, 0x00, 0x00 @ 080ADDE0
	.byte 0x0f, 0x00, 0x00, 0x00, 0x01, 0x00, 0x00, 0x00, 0x01, 0x00, 0x00, 0x00, 0x00, 0x00, 0x00, 0x00 @ 080ADDF0
	.byte 0x0e, 0x00, 0x00, 0x00, 0x00, 0x00, 0x00, 0x00, 0x00, 0x00, 0x00, 0x00, 0x00, 0x00, 0x00, 0x00 @ 080ADE00
	.byte 0x18, 0x00, 0x00, 0x00, 0x00, 0x00, 0x00, 0x00, 0x00, 0x00, 0x00, 0x00, 0x00, 0x00, 0x00, 0x00 @ 080ADE10
	.byte 0x0f, 0x00, 0x00, 0x00, 0x01, 0x00, 0x00, 0x00, 0x02, 0x00, 0x00, 0x00, 0x00, 0x00, 0x00, 0x00 @ 080ADE20
	.byte 0x0e, 0x00, 0x00, 0x00, 0x00, 0x00, 0x00, 0x00, 0x00, 0x00, 0x00, 0x00, 0x00, 0x00, 0x00, 0x00 @ 080ADE30
	.byte 0x0b, 0x00, 0x00, 0x00, 0x05, 0x00, 0x00, 0x00, 0x00, 0x00, 0x00, 0x00, 0x00, 0x00, 0x00, 0x00 @ 080ADE40
	.byte 0x09, 0x00, 0x00, 0x00, 0x00, 0x00, 0x00, 0x00, 0x00, 0x00, 0x00, 0x00, 0x00, 0x00, 0x00, 0x00 @ 080ADE50
	.byte 0x0b, 0x00, 0x00, 0x00, 0x06, 0x00, 0x00, 0x00, 0x00, 0x00, 0x00, 0x00, 0x00, 0x00, 0x00, 0x00 @ 080ADE60
	.byte 0x10, 0x00, 0x00, 0x00, 0x01, 0x00, 0x00, 0x00, 0x03, 0x00, 0x00, 0x00, 0x00, 0x00, 0x00, 0x00 @ 080ADE70
	.byte 0x0e, 0x00, 0x00, 0x00, 0x00, 0x00, 0x00, 0x00, 0x00, 0x00, 0x00, 0x00, 0x00, 0x00, 0x00, 0x00 @ 080ADE80
	.byte 0x02, 0x00, 0x00, 0x00, 0x00, 0x00, 0x00, 0x00, 0x14, 0x00, 0x00, 0x00, 0x00, 0x00, 0x00, 0x00 @ 080ADE90
	.byte 0x02, 0x00, 0x00, 0x00, 0x01, 0x00, 0x00, 0x00, 0x24, 0x00, 0x00, 0x00, 0x00, 0x00, 0x00, 0x00 @ 080ADEA0
	.byte 0x0e, 0x00, 0x00, 0x00, 0x00, 0x00, 0x00, 0x00, 0x00, 0x00, 0x00, 0x00, 0x00, 0x00, 0x00, 0x00 @ 080ADEB0
	.byte 0x00, 0x00, 0x00, 0x00, 0x00, 0x00, 0x00, 0x00, 0x00, 0x00, 0x00, 0x00, 0x00, 0x00, 0x00, 0x00 @ 080ADEC0
	.byte 0x0c, 0x00, 0x00, 0x00, 0x02, 0x00, 0x00, 0x00, 0x00, 0x00, 0x00, 0x00, 0x00, 0x00, 0x00, 0x00 @ 080ADED0
	.byte 0x0b, 0x00, 0x00, 0x00, 0x02, 0x00, 0x00, 0x00, 0x00, 0x00, 0x00, 0x00, 0x00, 0x00, 0x00, 0x00 @ 080ADEE0
	.byte 0x0d, 0x00, 0x00, 0x00, 0x00, 0x00, 0x00, 0x00, 0xf4, 0x00, 0x00, 0x00, 0x0c, 0x00, 0x00, 0x00 @ 080ADEF0
	.byte 0x0a, 0x00, 0x00, 0x00, 0x00, 0x00, 0x00, 0x00, 0x80, 0x04, 0x00, 0x00, 0x00, 0x00, 0x00, 0x00 @ 080ADF00
	.byte 0x0d, 0x00, 0x00, 0x00, 0x01, 0x00, 0x00, 0x00, 0x44, 0x01, 0x00, 0x00, 0x14, 0x00, 0x00, 0x00 @ 080ADF10
	.byte 0x0a, 0x00, 0x00, 0x00, 0x01, 0x00, 0x00, 0x00, 0x6c, 0x04, 0x00, 0x00, 0x01, 0x00, 0x00, 0x00 @ 080ADF20
	.byte 0x01, 0x00, 0x00, 0x00, 0x01, 0x00, 0x00, 0x00, 0x24, 0x00, 0x00, 0x00, 0x00, 0x00, 0x00, 0x00 @ 080ADF30
	.byte 0x01, 0x00, 0x00, 0x00, 0x00, 0x00, 0x00, 0x00, 0x18, 0x00, 0x00, 0x00, 0x00, 0x00, 0x00, 0x00 @ 080ADF40
	.byte 0x0e, 0x00, 0x00, 0x00, 0x01, 0x00, 0x00, 0x00, 0x00, 0x00, 0x00, 0x00, 0x00, 0x00, 0x00, 0x00 @ 080ADF50
	.byte 0x1b, 0x00, 0x00, 0x00, 0x01, 0x00, 0x00, 0x00, 0x00, 0x00, 0x00, 0x00, 0x00, 0x00, 0x00, 0x00 @ 080ADF60
	.byte 0x0e, 0x00, 0x00, 0x00, 0x00, 0x00, 0x00, 0x00, 0x00, 0x00, 0x00, 0x00, 0x00, 0x00, 0x00, 0x00 @ 080ADF70
	.byte 0x0b, 0x00, 0x00, 0x00, 0x04, 0x00, 0x00, 0x00, 0x00, 0x00, 0x00, 0x00, 0x00, 0x00, 0x00, 0x00 @ 080ADF80
	.byte 0x1d, 0x00, 0x00, 0x00, 0xd8, 0x00, 0x00, 0x00, 0x0b, 0x00, 0x00, 0x00, 0x01, 0x00, 0x00, 0x00 @ 080ADF90
	.byte 0x1b, 0x00, 0x00, 0x00, 0x01, 0x00, 0x00, 0x00, 0x01, 0x00, 0x00, 0x00, 0x00, 0x00, 0x00, 0x00 @ 080ADFA0
	.byte 0x0e, 0x00, 0x00, 0x00, 0x00, 0x00, 0x00, 0x00, 0x00, 0x00, 0x00, 0x00, 0x00, 0x00, 0x00, 0x00 @ 080ADFB0
	.byte 0x07, 0x00, 0x00, 0x00, 0x00, 0x00, 0x00, 0x00, 0x00, 0x00, 0x00, 0x00, 0x00, 0x00, 0x00, 0x00 @ 080ADFC0
	.byte 0x1b, 0x00, 0x00, 0x00, 0x01, 0x00, 0x00, 0x00, 0x02, 0x00, 0x00, 0x00, 0x00, 0x00, 0x00, 0x00 @ 080ADFD0
	.byte 0x0e, 0x00, 0x00, 0x00, 0x00, 0x00, 0x00, 0x00, 0x00, 0x00, 0x00, 0x00, 0x00, 0x00, 0x00, 0x00 @ 080ADFE0
	.byte 0x0b, 0x00, 0x00, 0x00, 0x05, 0x00, 0x00, 0x00, 0x00, 0x00, 0x00, 0x00, 0x00, 0x00, 0x00, 0x00 @ 080ADFF0
	.byte 0x09, 0x00, 0x00, 0x00, 0x00, 0x00, 0x00, 0x00, 0x00, 0x00, 0x00, 0x00, 0x00, 0x00, 0x00, 0x00 @ 080AE000
	.byte 0x0b, 0x00, 0x00, 0x00, 0x06, 0x00, 0x00, 0x00, 0x00, 0x00, 0x00, 0x00, 0x00, 0x00, 0x00, 0x00 @ 080AE010
	.byte 0x1c, 0x00, 0x00, 0x00, 0x01, 0x00, 0x00, 0x00, 0x03, 0x00, 0x00, 0x00, 0x00, 0x00, 0x00, 0x00 @ 080AE020
	.byte 0x0e, 0x00, 0x00, 0x00, 0x00, 0x00, 0x00, 0x00, 0x00, 0x00, 0x00, 0x00, 0x00, 0x00, 0x00, 0x00 @ 080AE030
	.byte 0x02, 0x00, 0x00, 0x00, 0x00, 0x00, 0x00, 0x00, 0x14, 0x00, 0x00, 0x00, 0x00, 0x00, 0x00, 0x00 @ 080AE040
	.byte 0x02, 0x00, 0x00, 0x00, 0x01, 0x00, 0x00, 0x00, 0x24, 0x00, 0x00, 0x00, 0x00, 0x00, 0x00, 0x00 @ 080AE050
	.byte 0x0e, 0x00, 0x00, 0x00, 0x00, 0x00, 0x00, 0x00, 0x00, 0x00, 0x00, 0x00, 0x00, 0x00, 0x00, 0x00 @ 080AE060
	.byte 0x00, 0x00, 0x00, 0x00, 0x00, 0x00, 0x00, 0x00, 0x00, 0x00, 0x00, 0x00, 0x00, 0x00, 0x00, 0x00 @ 080AE070
	.byte 0x0c, 0x00, 0x00, 0x00, 0x02, 0x00, 0x00, 0x00, 0x00, 0x00, 0x00, 0x00, 0x00, 0x00, 0x00, 0x00 @ 080AE080
	.byte 0x0b, 0x00, 0x00, 0x00, 0x02, 0x00, 0x00, 0x00, 0x00, 0x00, 0x00, 0x00, 0x00, 0x00, 0x00, 0x00 @ 080AE090
	.byte 0x0d, 0x00, 0x00, 0x00, 0x00, 0x00, 0x00, 0x00, 0xf4, 0x00, 0x00, 0x00, 0x0c, 0x00, 0x00, 0x00 @ 080AE0A0
	.byte 0x0a, 0x00, 0x00, 0x00, 0x00, 0x00, 0x00, 0x00, 0x7b, 0x04, 0x00, 0x00, 0x00, 0x00, 0x00, 0x00 @ 080AE0B0
	.byte 0x0d, 0x00, 0x00, 0x00, 0x01, 0x00, 0x00, 0x00, 0x44, 0x01, 0x00, 0x00, 0x14, 0x00, 0x00, 0x00 @ 080AE0C0
	.byte 0x0a, 0x00, 0x00, 0x00, 0x01, 0x00, 0x00, 0x00, 0x6c, 0x04, 0x00, 0x00, 0x01, 0x00, 0x00, 0x00 @ 080AE0D0
	.byte 0x01, 0x00, 0x00, 0x00, 0x01, 0x00, 0x00, 0x00, 0x24, 0x00, 0x00, 0x00, 0x00, 0x00, 0x00, 0x00 @ 080AE0E0
	.byte 0x01, 0x00, 0x00, 0x00, 0x00, 0x00, 0x00, 0x00, 0x18, 0x00, 0x00, 0x00, 0x00, 0x00, 0x00, 0x00 @ 080AE0F0
	.byte 0x0e, 0x00, 0x00, 0x00, 0x01, 0x00, 0x00, 0x00, 0x00, 0x00, 0x00, 0x00, 0x00, 0x00, 0x00, 0x00 @ 080AE100
	.byte 0x1b, 0x00, 0x00, 0x00, 0x01, 0x00, 0x00, 0x00, 0x00, 0x00, 0x00, 0x00, 0x00, 0x00, 0x00, 0x00 @ 080AE110
	.byte 0x0e, 0x00, 0x00, 0x00, 0x00, 0x00, 0x00, 0x00, 0x00, 0x00, 0x00, 0x00, 0x00, 0x00, 0x00, 0x00 @ 080AE120
	.byte 0x0b, 0x00, 0x00, 0x00, 0x04, 0x00, 0x00, 0x00, 0x00, 0x00, 0x00, 0x00, 0x00, 0x00, 0x00, 0x00 @ 080AE130
	.byte 0x1d, 0x00, 0x00, 0x00, 0xd8, 0x00, 0x00, 0x00, 0x0b, 0x00, 0x00, 0x00, 0x01, 0x00, 0x00, 0x00 @ 080AE140
	.byte 0x1b, 0x00, 0x00, 0x00, 0x01, 0x00, 0x00, 0x00, 0x01, 0x00, 0x00, 0x00, 0x00, 0x00, 0x00, 0x00 @ 080AE150
	.byte 0x0e, 0x00, 0x00, 0x00, 0x00, 0x00, 0x00, 0x00, 0x00, 0x00, 0x00, 0x00, 0x00, 0x00, 0x00, 0x00 @ 080AE160
	.byte 0x07, 0x00, 0x00, 0x00, 0x00, 0x00, 0x00, 0x00, 0x00, 0x00, 0x00, 0x00, 0x00, 0x00, 0x00, 0x00 @ 080AE170
	.byte 0x1b, 0x00, 0x00, 0x00, 0x01, 0x00, 0x00, 0x00, 0x02, 0x00, 0x00, 0x00, 0x00, 0x00, 0x00, 0x00 @ 080AE180
	.byte 0x0e, 0x00, 0x00, 0x00, 0x00, 0x00, 0x00, 0x00, 0x00, 0x00, 0x00, 0x00, 0x00, 0x00, 0x00, 0x00 @ 080AE190
	.byte 0x0b, 0x00, 0x00, 0x00, 0x05, 0x00, 0x00, 0x00, 0x00, 0x00, 0x00, 0x00, 0x00, 0x00, 0x00, 0x00 @ 080AE1A0
	.byte 0x09, 0x00, 0x00, 0x00, 0x00, 0x00, 0x00, 0x00, 0x00, 0x00, 0x00, 0x00, 0x00, 0x00, 0x00, 0x00 @ 080AE1B0
	.byte 0x0b, 0x00, 0x00, 0x00, 0x06, 0x00, 0x00, 0x00, 0x00, 0x00, 0x00, 0x00, 0x00, 0x00, 0x00, 0x00 @ 080AE1C0
	.byte 0x1c, 0x00, 0x00, 0x00, 0x01, 0x00, 0x00, 0x00, 0x03, 0x00, 0x00, 0x00, 0x00, 0x00, 0x00, 0x00 @ 080AE1D0
	.byte 0x0e, 0x00, 0x00, 0x00, 0x00, 0x00, 0x00, 0x00, 0x00, 0x00, 0x00, 0x00, 0x00, 0x00, 0x00, 0x00 @ 080AE1E0
	.byte 0x02, 0x00, 0x00, 0x00, 0x00, 0x00, 0x00, 0x00, 0x14, 0x00, 0x00, 0x00, 0x00, 0x00, 0x00, 0x00 @ 080AE1F0
	.byte 0x02, 0x00, 0x00, 0x00, 0x01, 0x00, 0x00, 0x00, 0x24, 0x00, 0x00, 0x00, 0x00, 0x00, 0x00, 0x00 @ 080AE200
	.byte 0x0e, 0x00, 0x00, 0x00, 0x00, 0x00, 0x00, 0x00, 0x00, 0x00, 0x00, 0x00, 0x00, 0x00, 0x00, 0x00 @ 080AE210
	.byte 0x00, 0x00, 0x00, 0x00, 0x00, 0x00, 0x00, 0x00, 0x00, 0x00, 0x00, 0x00, 0x00, 0x00, 0x00, 0x00 @ 080AE220
	.byte 0x0c, 0x00, 0x00, 0x00, 0x02, 0x00, 0x00, 0x00, 0x00, 0x00, 0x00, 0x00, 0x00, 0x00, 0x00, 0x00 @ 080AE230
	.byte 0x0b, 0x00, 0x00, 0x00, 0x02, 0x00, 0x00, 0x00, 0x00, 0x00, 0x00, 0x00, 0x00, 0x00, 0x00, 0x00 @ 080AE240
	.byte 0x0d, 0x00, 0x00, 0x00, 0x00, 0x00, 0x00, 0x00, 0xf4, 0x00, 0x00, 0x00, 0x0c, 0x00, 0x00, 0x00 @ 080AE250
	.byte 0x0a, 0x00, 0x00, 0x00, 0x00, 0x00, 0x00, 0x00, 0x7d, 0x04, 0x00, 0x00, 0x00, 0x00, 0x00, 0x00 @ 080AE260
	.byte 0x0d, 0x00, 0x00, 0x00, 0x01, 0x00, 0x00, 0x00, 0x44, 0x01, 0x00, 0x00, 0x14, 0x00, 0x00, 0x00 @ 080AE270
	.byte 0x0a, 0x00, 0x00, 0x00, 0x01, 0x00, 0x00, 0x00, 0x6c, 0x04, 0x00, 0x00, 0x01, 0x00, 0x00, 0x00 @ 080AE280
	.byte 0x01, 0x00, 0x00, 0x00, 0x01, 0x00, 0x00, 0x00, 0x24, 0x00, 0x00, 0x00, 0x00, 0x00, 0x00, 0x00 @ 080AE290
	.byte 0x01, 0x00, 0x00, 0x00, 0x00, 0x00, 0x00, 0x00, 0x18, 0x00, 0x00, 0x00, 0x00, 0x00, 0x00, 0x00 @ 080AE2A0
	.byte 0x0e, 0x00, 0x00, 0x00, 0x01, 0x00, 0x00, 0x00, 0x00, 0x00, 0x00, 0x00, 0x00, 0x00, 0x00, 0x00 @ 080AE2B0
	.byte 0x1b, 0x00, 0x00, 0x00, 0x01, 0x00, 0x00, 0x00, 0x00, 0x00, 0x00, 0x00, 0x00, 0x00, 0x00, 0x00 @ 080AE2C0
	.byte 0x0e, 0x00, 0x00, 0x00, 0x00, 0x00, 0x00, 0x00, 0x00, 0x00, 0x00, 0x00, 0x00, 0x00, 0x00, 0x00 @ 080AE2D0
	.byte 0x0b, 0x00, 0x00, 0x00, 0x04, 0x00, 0x00, 0x00, 0x00, 0x00, 0x00, 0x00, 0x00, 0x00, 0x00, 0x00 @ 080AE2E0
	.byte 0x1d, 0x00, 0x00, 0x00, 0xd8, 0x00, 0x00, 0x00, 0x0b, 0x00, 0x00, 0x00, 0x01, 0x00, 0x00, 0x00 @ 080AE2F0
	.byte 0x1b, 0x00, 0x00, 0x00, 0x01, 0x00, 0x00, 0x00, 0x01, 0x00, 0x00, 0x00, 0x00, 0x00, 0x00, 0x00 @ 080AE300
	.byte 0x0e, 0x00, 0x00, 0x00, 0x00, 0x00, 0x00, 0x00, 0x00, 0x00, 0x00, 0x00, 0x00, 0x00, 0x00, 0x00 @ 080AE310
	.byte 0x07, 0x00, 0x00, 0x00, 0x00, 0x00, 0x00, 0x00, 0x00, 0x00, 0x00, 0x00, 0x00, 0x00, 0x00, 0x00 @ 080AE320
	.byte 0x1b, 0x00, 0x00, 0x00, 0x01, 0x00, 0x00, 0x00, 0x02, 0x00, 0x00, 0x00, 0x00, 0x00, 0x00, 0x00 @ 080AE330
	.byte 0x0e, 0x00, 0x00, 0x00, 0x00, 0x00, 0x00, 0x00, 0x00, 0x00, 0x00, 0x00, 0x00, 0x00, 0x00, 0x00 @ 080AE340
	.byte 0x0b, 0x00, 0x00, 0x00, 0x05, 0x00, 0x00, 0x00, 0x00, 0x00, 0x00, 0x00, 0x00, 0x00, 0x00, 0x00 @ 080AE350
	.byte 0x09, 0x00, 0x00, 0x00, 0x00, 0x00, 0x00, 0x00, 0x00, 0x00, 0x00, 0x00, 0x00, 0x00, 0x00, 0x00 @ 080AE360
	.byte 0x0b, 0x00, 0x00, 0x00, 0x06, 0x00, 0x00, 0x00, 0x00, 0x00, 0x00, 0x00, 0x00, 0x00, 0x00, 0x00 @ 080AE370
	.byte 0x1c, 0x00, 0x00, 0x00, 0x01, 0x00, 0x00, 0x00, 0x03, 0x00, 0x00, 0x00, 0x00, 0x00, 0x00, 0x00 @ 080AE380
	.byte 0x0e, 0x00, 0x00, 0x00, 0x00, 0x00, 0x00, 0x00, 0x00, 0x00, 0x00, 0x00, 0x00, 0x00, 0x00, 0x00 @ 080AE390
	.byte 0x02, 0x00, 0x00, 0x00, 0x00, 0x00, 0x00, 0x00, 0x14, 0x00, 0x00, 0x00, 0x00, 0x00, 0x00, 0x00 @ 080AE3A0
	.byte 0x02, 0x00, 0x00, 0x00, 0x01, 0x00, 0x00, 0x00, 0x24, 0x00, 0x00, 0x00, 0x00, 0x00, 0x00, 0x00 @ 080AE3B0
	.byte 0x0e, 0x00, 0x00, 0x00, 0x00, 0x00, 0x00, 0x00, 0x00, 0x00, 0x00, 0x00, 0x00, 0x00, 0x00, 0x00 @ 080AE3C0
	.byte 0x00, 0x00, 0x00, 0x00, 0x00, 0x00, 0x00, 0x00, 0x00, 0x00, 0x00, 0x00, 0x00, 0x00, 0x00, 0x00 @ 080AE3D0
	.byte 0x0c, 0x00, 0x00, 0x00, 0x02, 0x00, 0x00, 0x00, 0x00, 0x00, 0x00, 0x00, 0x00, 0x00, 0x00, 0x00 @ 080AE3E0
	.byte 0x0b, 0x00, 0x00, 0x00, 0x02, 0x00, 0x00, 0x00, 0x00, 0x00, 0x00, 0x00, 0x00, 0x00, 0x00, 0x00 @ 080AE3F0
	.byte 0x0d, 0x00, 0x00, 0x00, 0x00, 0x00, 0x00, 0x00, 0xf4, 0x00, 0x00, 0x00, 0x0c, 0x00, 0x00, 0x00 @ 080AE400
	.byte 0x0a, 0x00, 0x00, 0x00, 0x00, 0x00, 0x00, 0x00, 0x7c, 0x04, 0x00, 0x00, 0x00, 0x00, 0x00, 0x00 @ 080AE410
	.byte 0x0d, 0x00, 0x00, 0x00, 0x01, 0x00, 0x00, 0x00, 0x44, 0x01, 0x00, 0x00, 0x14, 0x00, 0x00, 0x00 @ 080AE420
	.byte 0x0a, 0x00, 0x00, 0x00, 0x01, 0x00, 0x00, 0x00, 0x6c, 0x04, 0x00, 0x00, 0x01, 0x00, 0x00, 0x00 @ 080AE430
	.byte 0x01, 0x00, 0x00, 0x00, 0x01, 0x00, 0x00, 0x00, 0x24, 0x00, 0x00, 0x00, 0x00, 0x00, 0x00, 0x00 @ 080AE440
	.byte 0x01, 0x00, 0x00, 0x00, 0x00, 0x00, 0x00, 0x00, 0x18, 0x00, 0x00, 0x00, 0x00, 0x00, 0x00, 0x00 @ 080AE450
	.byte 0x0e, 0x00, 0x00, 0x00, 0x01, 0x00, 0x00, 0x00, 0x00, 0x00, 0x00, 0x00, 0x00, 0x00, 0x00, 0x00 @ 080AE460
	.byte 0x1b, 0x00, 0x00, 0x00, 0x01, 0x00, 0x00, 0x00, 0x00, 0x00, 0x00, 0x00, 0x00, 0x00, 0x00, 0x00 @ 080AE470
	.byte 0x0e, 0x00, 0x00, 0x00, 0x00, 0x00, 0x00, 0x00, 0x00, 0x00, 0x00, 0x00, 0x00, 0x00, 0x00, 0x00 @ 080AE480
	.byte 0x0b, 0x00, 0x00, 0x00, 0x04, 0x00, 0x00, 0x00, 0x00, 0x00, 0x00, 0x00, 0x00, 0x00, 0x00, 0x00 @ 080AE490
	.byte 0x1d, 0x00, 0x00, 0x00, 0xd8, 0x00, 0x00, 0x00, 0x0b, 0x00, 0x00, 0x00, 0x01, 0x00, 0x00, 0x00 @ 080AE4A0
	.byte 0x1b, 0x00, 0x00, 0x00, 0x01, 0x00, 0x00, 0x00, 0x01, 0x00, 0x00, 0x00, 0x00, 0x00, 0x00, 0x00 @ 080AE4B0
	.byte 0x0e, 0x00, 0x00, 0x00, 0x00, 0x00, 0x00, 0x00, 0x00, 0x00, 0x00, 0x00, 0x00, 0x00, 0x00, 0x00 @ 080AE4C0
	.byte 0x07, 0x00, 0x00, 0x00, 0x00, 0x00, 0x00, 0x00, 0x00, 0x00, 0x00, 0x00, 0x00, 0x00, 0x00, 0x00 @ 080AE4D0
	.byte 0x1b, 0x00, 0x00, 0x00, 0x01, 0x00, 0x00, 0x00, 0x02, 0x00, 0x00, 0x00, 0x00, 0x00, 0x00, 0x00 @ 080AE4E0
	.byte 0x0e, 0x00, 0x00, 0x00, 0x00, 0x00, 0x00, 0x00, 0x00, 0x00, 0x00, 0x00, 0x00, 0x00, 0x00, 0x00 @ 080AE4F0
	.byte 0x0b, 0x00, 0x00, 0x00, 0x05, 0x00, 0x00, 0x00, 0x00, 0x00, 0x00, 0x00, 0x00, 0x00, 0x00, 0x00 @ 080AE500
	.byte 0x09, 0x00, 0x00, 0x00, 0x00, 0x00, 0x00, 0x00, 0x00, 0x00, 0x00, 0x00, 0x00, 0x00, 0x00, 0x00 @ 080AE510
	.byte 0x0b, 0x00, 0x00, 0x00, 0x06, 0x00, 0x00, 0x00, 0x00, 0x00, 0x00, 0x00, 0x00, 0x00, 0x00, 0x00 @ 080AE520
	.byte 0x1c, 0x00, 0x00, 0x00, 0x01, 0x00, 0x00, 0x00, 0x03, 0x00, 0x00, 0x00, 0x00, 0x00, 0x00, 0x00 @ 080AE530
	.byte 0x0e, 0x00, 0x00, 0x00, 0x00, 0x00, 0x00, 0x00, 0x00, 0x00, 0x00, 0x00, 0x00, 0x00, 0x00, 0x00 @ 080AE540
	.byte 0x02, 0x00, 0x00, 0x00, 0x00, 0x00, 0x00, 0x00, 0x14, 0x00, 0x00, 0x00, 0x00, 0x00, 0x00, 0x00 @ 080AE550
	.byte 0x02, 0x00, 0x00, 0x00, 0x01, 0x00, 0x00, 0x00, 0x24, 0x00, 0x00, 0x00, 0x00, 0x00, 0x00, 0x00 @ 080AE560
	.byte 0x0e, 0x00, 0x00, 0x00, 0x00, 0x00, 0x00, 0x00, 0x00, 0x00, 0x00, 0x00, 0x00, 0x00, 0x00, 0x00 @ 080AE570
	.byte 0x00, 0x00, 0x00, 0x00, 0x00, 0x00, 0x00, 0x00, 0x00, 0x00, 0x00, 0x00, 0x00, 0x00, 0x00, 0x00 @ 080AE580
	.byte 0x0c, 0x00, 0x00, 0x00, 0x02, 0x00, 0x00, 0x00, 0x00, 0x00, 0x00, 0x00, 0x00, 0x00, 0x00, 0x00 @ 080AE590
	.byte 0x0b, 0x00, 0x00, 0x00, 0x02, 0x00, 0x00, 0x00, 0x00, 0x00, 0x00, 0x00, 0x00, 0x00, 0x00, 0x00 @ 080AE5A0
	.byte 0x0d, 0x00, 0x00, 0x00, 0x00, 0x00, 0x00, 0x00, 0xf4, 0x00, 0x00, 0x00, 0x0c, 0x00, 0x00, 0x00 @ 080AE5B0
	.byte 0x0a, 0x00, 0x00, 0x00, 0x00, 0x00, 0x00, 0x00, 0x81, 0x04, 0x00, 0x00, 0x00, 0x00, 0x00, 0x00 @ 080AE5C0
	.byte 0x0d, 0x00, 0x00, 0x00, 0x01, 0x00, 0x00, 0x00, 0x44, 0x01, 0x00, 0x00, 0x14, 0x00, 0x00, 0x00 @ 080AE5D0
	.byte 0x0a, 0x00, 0x00, 0x00, 0x01, 0x00, 0x00, 0x00, 0x6c, 0x04, 0x00, 0x00, 0x01, 0x00, 0x00, 0x00 @ 080AE5E0
	.byte 0x01, 0x00, 0x00, 0x00, 0x01, 0x00, 0x00, 0x00, 0x24, 0x00, 0x00, 0x00, 0x00, 0x00, 0x00, 0x00 @ 080AE5F0
	.byte 0x01, 0x00, 0x00, 0x00, 0x00, 0x00, 0x00, 0x00, 0x18, 0x00, 0x00, 0x00, 0x00, 0x00, 0x00, 0x00 @ 080AE600
	.byte 0x0e, 0x00, 0x00, 0x00, 0x01, 0x00, 0x00, 0x00, 0x00, 0x00, 0x00, 0x00, 0x00, 0x00, 0x00, 0x00 @ 080AE610
	.byte 0x1b, 0x00, 0x00, 0x00, 0x01, 0x00, 0x00, 0x00, 0x00, 0x00, 0x00, 0x00, 0x00, 0x00, 0x00, 0x00 @ 080AE620
	.byte 0x0e, 0x00, 0x00, 0x00, 0x00, 0x00, 0x00, 0x00, 0x00, 0x00, 0x00, 0x00, 0x00, 0x00, 0x00, 0x00 @ 080AE630
	.byte 0x0b, 0x00, 0x00, 0x00, 0x04, 0x00, 0x00, 0x00, 0x00, 0x00, 0x00, 0x00, 0x00, 0x00, 0x00, 0x00 @ 080AE640
	.byte 0x1d, 0x00, 0x00, 0x00, 0xd8, 0x00, 0x00, 0x00, 0x0b, 0x00, 0x00, 0x00, 0x01, 0x00, 0x00, 0x00 @ 080AE650
	.byte 0x1b, 0x00, 0x00, 0x00, 0x01, 0x00, 0x00, 0x00, 0x01, 0x00, 0x00, 0x00, 0x00, 0x00, 0x00, 0x00 @ 080AE660
	.byte 0x0e, 0x00, 0x00, 0x00, 0x00, 0x00, 0x00, 0x00, 0x00, 0x00, 0x00, 0x00, 0x00, 0x00, 0x00, 0x00 @ 080AE670
	.byte 0x07, 0x00, 0x00, 0x00, 0x00, 0x00, 0x00, 0x00, 0x00, 0x00, 0x00, 0x00, 0x00, 0x00, 0x00, 0x00 @ 080AE680
	.byte 0x1b, 0x00, 0x00, 0x00, 0x01, 0x00, 0x00, 0x00, 0x02, 0x00, 0x00, 0x00, 0x00, 0x00, 0x00, 0x00 @ 080AE690
	.byte 0x0e, 0x00, 0x00, 0x00, 0x00, 0x00, 0x00, 0x00, 0x00, 0x00, 0x00, 0x00, 0x00, 0x00, 0x00, 0x00 @ 080AE6A0
	.byte 0x0b, 0x00, 0x00, 0x00, 0x05, 0x00, 0x00, 0x00, 0x00, 0x00, 0x00, 0x00, 0x00, 0x00, 0x00, 0x00 @ 080AE6B0
	.byte 0x09, 0x00, 0x00, 0x00, 0x00, 0x00, 0x00, 0x00, 0x00, 0x00, 0x00, 0x00, 0x00, 0x00, 0x00, 0x00 @ 080AE6C0
	.byte 0x0b, 0x00, 0x00, 0x00, 0x06, 0x00, 0x00, 0x00, 0x00, 0x00, 0x00, 0x00, 0x00, 0x00, 0x00, 0x00 @ 080AE6D0
	.byte 0x1c, 0x00, 0x00, 0x00, 0x01, 0x00, 0x00, 0x00, 0x03, 0x00, 0x00, 0x00, 0x00, 0x00, 0x00, 0x00 @ 080AE6E0
	.byte 0x0e, 0x00, 0x00, 0x00, 0x00, 0x00, 0x00, 0x00, 0x00, 0x00, 0x00, 0x00, 0x00, 0x00, 0x00, 0x00 @ 080AE6F0
	.byte 0x02, 0x00, 0x00, 0x00, 0x00, 0x00, 0x00, 0x00, 0x14, 0x00, 0x00, 0x00, 0x00, 0x00, 0x00, 0x00 @ 080AE700
	.byte 0x02, 0x00, 0x00, 0x00, 0x01, 0x00, 0x00, 0x00, 0x24, 0x00, 0x00, 0x00, 0x00, 0x00, 0x00, 0x00 @ 080AE710
	.byte 0x0e, 0x00, 0x00, 0x00, 0x00, 0x00, 0x00, 0x00, 0x00, 0x00, 0x00, 0x00, 0x00, 0x00, 0x00, 0x00 @ 080AE720
	.byte 0x00, 0x00, 0x00, 0x00, 0x00, 0x00, 0x00, 0x00, 0x00, 0x00, 0x00, 0x00, 0x00, 0x00, 0x00, 0x00 @ 080AE730
	.byte 0x0c, 0x00, 0x00, 0x00, 0x02, 0x00, 0x00, 0x00, 0x00, 0x00, 0x00, 0x00, 0x00, 0x00, 0x00, 0x00 @ 080AE740
	.byte 0x0b, 0x00, 0x00, 0x00, 0x02, 0x00, 0x00, 0x00, 0x00, 0x00, 0x00, 0x00, 0x00, 0x00, 0x00, 0x00 @ 080AE750
	.byte 0x0d, 0x00, 0x00, 0x00, 0x00, 0x00, 0x00, 0x00, 0xf4, 0x00, 0x00, 0x00, 0x0c, 0x00, 0x00, 0x00 @ 080AE760
	.byte 0x0a, 0x00, 0x00, 0x00, 0x00, 0x00, 0x00, 0x00, 0x72, 0x04, 0x00, 0x00, 0x00, 0x00, 0x00, 0x00 @ 080AE770
	.byte 0x0d, 0x00, 0x00, 0x00, 0x01, 0x00, 0x00, 0x00, 0x44, 0x01, 0x00, 0x00, 0x14, 0x00, 0x00, 0x00 @ 080AE780
	.byte 0x0a, 0x00, 0x00, 0x00, 0x01, 0x00, 0x00, 0x00, 0x6c, 0x04, 0x00, 0x00, 0x01, 0x00, 0x00, 0x00 @ 080AE790
	.byte 0x01, 0x00, 0x00, 0x00, 0x01, 0x00, 0x00, 0x00, 0x24, 0x00, 0x00, 0x00, 0x00, 0x00, 0x00, 0x00 @ 080AE7A0
	.byte 0x01, 0x00, 0x00, 0x00, 0x00, 0x00, 0x00, 0x00, 0x18, 0x00, 0x00, 0x00, 0x00, 0x00, 0x00, 0x00 @ 080AE7B0
	.byte 0x0e, 0x00, 0x00, 0x00, 0x01, 0x00, 0x00, 0x00, 0x00, 0x00, 0x00, 0x00, 0x00, 0x00, 0x00, 0x00 @ 080AE7C0
	.byte 0x1b, 0x00, 0x00, 0x00, 0x01, 0x00, 0x00, 0x00, 0x00, 0x00, 0x00, 0x00, 0x00, 0x00, 0x00, 0x00 @ 080AE7D0
	.byte 0x0e, 0x00, 0x00, 0x00, 0x00, 0x00, 0x00, 0x00, 0x00, 0x00, 0x00, 0x00, 0x00, 0x00, 0x00, 0x00 @ 080AE7E0
	.byte 0x0b, 0x00, 0x00, 0x00, 0x04, 0x00, 0x00, 0x00, 0x00, 0x00, 0x00, 0x00, 0x00, 0x00, 0x00, 0x00 @ 080AE7F0
	.byte 0x1d, 0x00, 0x00, 0x00, 0xd8, 0x00, 0x00, 0x00, 0x0b, 0x00, 0x00, 0x00, 0x01, 0x00, 0x00, 0x00 @ 080AE800
	.byte 0x1b, 0x00, 0x00, 0x00, 0x01, 0x00, 0x00, 0x00, 0x01, 0x00, 0x00, 0x00, 0x00, 0x00, 0x00, 0x00 @ 080AE810
	.byte 0x0e, 0x00, 0x00, 0x00, 0x00, 0x00, 0x00, 0x00, 0x00, 0x00, 0x00, 0x00, 0x00, 0x00, 0x00, 0x00 @ 080AE820
	.byte 0x07, 0x00, 0x00, 0x00, 0x00, 0x00, 0x00, 0x00, 0x00, 0x00, 0x00, 0x00, 0x00, 0x00, 0x00, 0x00 @ 080AE830
	.byte 0x1b, 0x00, 0x00, 0x00, 0x01, 0x00, 0x00, 0x00, 0x02, 0x00, 0x00, 0x00, 0x00, 0x00, 0x00, 0x00 @ 080AE840
	.byte 0x0e, 0x00, 0x00, 0x00, 0x00, 0x00, 0x00, 0x00, 0x00, 0x00, 0x00, 0x00, 0x00, 0x00, 0x00, 0x00 @ 080AE850
	.byte 0x0b, 0x00, 0x00, 0x00, 0x05, 0x00, 0x00, 0x00, 0x00, 0x00, 0x00, 0x00, 0x00, 0x00, 0x00, 0x00 @ 080AE860
	.byte 0x09, 0x00, 0x00, 0x00, 0x00, 0x00, 0x00, 0x00, 0x00, 0x00, 0x00, 0x00, 0x00, 0x00, 0x00, 0x00 @ 080AE870
	.byte 0x0b, 0x00, 0x00, 0x00, 0x06, 0x00, 0x00, 0x00, 0x00, 0x00, 0x00, 0x00, 0x00, 0x00, 0x00, 0x00 @ 080AE880
	.byte 0x1c, 0x00, 0x00, 0x00, 0x01, 0x00, 0x00, 0x00, 0x03, 0x00, 0x00, 0x00, 0x00, 0x00, 0x00, 0x00 @ 080AE890
	.byte 0x0e, 0x00, 0x00, 0x00, 0x00, 0x00, 0x00, 0x00, 0x00, 0x00, 0x00, 0x00, 0x00, 0x00, 0x00, 0x00 @ 080AE8A0
	.byte 0x02, 0x00, 0x00, 0x00, 0x00, 0x00, 0x00, 0x00, 0x14, 0x00, 0x00, 0x00, 0x00, 0x00, 0x00, 0x00 @ 080AE8B0
	.byte 0x02, 0x00, 0x00, 0x00, 0x01, 0x00, 0x00, 0x00, 0x24, 0x00, 0x00, 0x00, 0x00, 0x00, 0x00, 0x00 @ 080AE8C0
	.byte 0x0e, 0x00, 0x00, 0x00, 0x00, 0x00, 0x00, 0x00, 0x00, 0x00, 0x00, 0x00, 0x00, 0x00, 0x00, 0x00 @ 080AE8D0
	.byte 0x00, 0x00, 0x00, 0x00, 0x00, 0x00, 0x00, 0x00, 0x00, 0x00, 0x00, 0x00, 0x00, 0x00, 0x00, 0x00 @ 080AE8E0
	.byte 0x0c, 0x00, 0x00, 0x00, 0x02, 0x00, 0x00, 0x00, 0x00, 0x00, 0x00, 0x00, 0x00, 0x00, 0x00, 0x00 @ 080AE8F0
	.byte 0x0b, 0x00, 0x00, 0x00, 0x02, 0x00, 0x00, 0x00, 0x00, 0x00, 0x00, 0x00, 0x00, 0x00, 0x00, 0x00 @ 080AE900
	.byte 0x0d, 0x00, 0x00, 0x00, 0x00, 0x00, 0x00, 0x00, 0xf4, 0x00, 0x00, 0x00, 0x0c, 0x00, 0x00, 0x00 @ 080AE910
	.byte 0x0a, 0x00, 0x00, 0x00, 0x00, 0x00, 0x00, 0x00, 0x8f, 0x04, 0x00, 0x00, 0x00, 0x00, 0x00, 0x00 @ 080AE920
	.byte 0x0d, 0x00, 0x00, 0x00, 0x01, 0x00, 0x00, 0x00, 0x2c, 0x01, 0x00, 0x00, 0x14, 0x00, 0x00, 0x00 @ 080AE930
	.byte 0x0a, 0x00, 0x00, 0x00, 0x01, 0x00, 0x00, 0x00, 0x6e, 0x04, 0x00, 0x00, 0x01, 0x00, 0x00, 0x00 @ 080AE940
	.byte 0x01, 0x00, 0x00, 0x00, 0x01, 0x00, 0x00, 0x00, 0x24, 0x00, 0x00, 0x00, 0x00, 0x00, 0x00, 0x00 @ 080AE950
	.byte 0x01, 0x00, 0x00, 0x00, 0x00, 0x00, 0x00, 0x00, 0x18, 0x00, 0x00, 0x00, 0x00, 0x00, 0x00, 0x00 @ 080AE960
	.byte 0x0e, 0x00, 0x00, 0x00, 0x01, 0x00, 0x00, 0x00, 0x00, 0x00, 0x00, 0x00, 0x00, 0x00, 0x00, 0x00 @ 080AE970
	.byte 0x0f, 0x00, 0x00, 0x00, 0x01, 0x00, 0x00, 0x00, 0x00, 0x00, 0x00, 0x00, 0x00, 0x00, 0x00, 0x00 @ 080AE980
	.byte 0x0e, 0x00, 0x00, 0x00, 0x00, 0x00, 0x00, 0x00, 0x00, 0x00, 0x00, 0x00, 0x00, 0x00, 0x00, 0x00 @ 080AE990
	.byte 0x0b, 0x00, 0x00, 0x00, 0x03, 0x00, 0x00, 0x00, 0x00, 0x00, 0x00, 0x00, 0x00, 0x00, 0x00, 0x00 @ 080AE9A0
	.byte 0x05, 0x00, 0x00, 0x00, 0xd8, 0x00, 0x00, 0x00, 0x0b, 0x00, 0x00, 0x00, 0x01, 0x00, 0x00, 0x00 @ 080AE9B0
	.byte 0x0f, 0x00, 0x00, 0x00, 0x01, 0x00, 0x00, 0x00, 0x01, 0x00, 0x00, 0x00, 0x00, 0x00, 0x00, 0x00 @ 080AE9C0
	.byte 0x0e, 0x00, 0x00, 0x00, 0x00, 0x00, 0x00, 0x00, 0x00, 0x00, 0x00, 0x00, 0x00, 0x00, 0x00, 0x00 @ 080AE9D0
	.byte 0x18, 0x00, 0x00, 0x00, 0x00, 0x00, 0x00, 0x00, 0x00, 0x00, 0x00, 0x00, 0x00, 0x00, 0x00, 0x00 @ 080AE9E0
	.byte 0x0f, 0x00, 0x00, 0x00, 0x01, 0x00, 0x00, 0x00, 0x02, 0x00, 0x00, 0x00, 0x00, 0x00, 0x00, 0x00 @ 080AE9F0
	.byte 0x0e, 0x00, 0x00, 0x00, 0x00, 0x00, 0x00, 0x00, 0x00, 0x00, 0x00, 0x00, 0x00, 0x00, 0x00, 0x00 @ 080AEA00
	.byte 0x0b, 0x00, 0x00, 0x00, 0x05, 0x00, 0x00, 0x00, 0x00, 0x00, 0x00, 0x00, 0x00, 0x00, 0x00, 0x00 @ 080AEA10
	.byte 0x09, 0x00, 0x00, 0x00, 0x00, 0x00, 0x00, 0x00, 0x00, 0x00, 0x00, 0x00, 0x00, 0x00, 0x00, 0x00 @ 080AEA20
	.byte 0x0b, 0x00, 0x00, 0x00, 0x06, 0x00, 0x00, 0x00, 0x00, 0x00, 0x00, 0x00, 0x00, 0x00, 0x00, 0x00 @ 080AEA30
	.byte 0x10, 0x00, 0x00, 0x00, 0x01, 0x00, 0x00, 0x00, 0x03, 0x00, 0x00, 0x00, 0x00, 0x00, 0x00, 0x00 @ 080AEA40
	.byte 0x0e, 0x00, 0x00, 0x00, 0x00, 0x00, 0x00, 0x00, 0x00, 0x00, 0x00, 0x00, 0x00, 0x00, 0x00, 0x00 @ 080AEA50
	.byte 0x02, 0x00, 0x00, 0x00, 0x00, 0x00, 0x00, 0x00, 0x14, 0x00, 0x00, 0x00, 0x00, 0x00, 0x00, 0x00 @ 080AEA60
	.byte 0x02, 0x00, 0x00, 0x00, 0x01, 0x00, 0x00, 0x00, 0x24, 0x00, 0x00, 0x00, 0x00, 0x00, 0x00, 0x00 @ 080AEA70
	.byte 0x0e, 0x00, 0x00, 0x00, 0x00, 0x00, 0x00, 0x00, 0x00, 0x00, 0x00, 0x00, 0x00, 0x00, 0x00, 0x00 @ 080AEA80
	.byte 0x00, 0x00, 0x00, 0x00, 0x00, 0x00, 0x00, 0x00, 0x00, 0x00, 0x00, 0x00, 0x00, 0x00, 0x00, 0x00 @ 080AEA90
	.byte 0x0c, 0x00, 0x00, 0x00, 0x02, 0x00, 0x00, 0x00, 0x00, 0x00, 0x00, 0x00, 0x00, 0x00, 0x00, 0x00 @ 080AEAA0
	.byte 0x0b, 0x00, 0x00, 0x00, 0x02, 0x00, 0x00, 0x00, 0x00, 0x00, 0x00, 0x00, 0x00, 0x00, 0x00, 0x00 @ 080AEAB0
	.byte 0x0d, 0x00, 0x00, 0x00, 0x00, 0x00, 0x00, 0x00, 0xf4, 0x00, 0x00, 0x00, 0x0c, 0x00, 0x00, 0x00 @ 080AEAC0
	.byte 0x0a, 0x00, 0x00, 0x00, 0x00, 0x00, 0x00, 0x00, 0x90, 0x04, 0x00, 0x00, 0x00, 0x00, 0x00, 0x00 @ 080AEAD0
	.byte 0x0d, 0x00, 0x00, 0x00, 0x01, 0x00, 0x00, 0x00, 0x2c, 0x01, 0x00, 0x00, 0x14, 0x00, 0x00, 0x00 @ 080AEAE0
	.byte 0x0a, 0x00, 0x00, 0x00, 0x01, 0x00, 0x00, 0x00, 0x6e, 0x04, 0x00, 0x00, 0x01, 0x00, 0x00, 0x00 @ 080AEAF0
	.byte 0x01, 0x00, 0x00, 0x00, 0x01, 0x00, 0x00, 0x00, 0x24, 0x00, 0x00, 0x00, 0x00, 0x00, 0x00, 0x00 @ 080AEB00
	.byte 0x01, 0x00, 0x00, 0x00, 0x00, 0x00, 0x00, 0x00, 0x18, 0x00, 0x00, 0x00, 0x00, 0x00, 0x00, 0x00 @ 080AEB10
	.byte 0x0e, 0x00, 0x00, 0x00, 0x01, 0x00, 0x00, 0x00, 0x00, 0x00, 0x00, 0x00, 0x00, 0x00, 0x00, 0x00 @ 080AEB20
	.byte 0x0f, 0x00, 0x00, 0x00, 0x01, 0x00, 0x00, 0x00, 0x00, 0x00, 0x00, 0x00, 0x00, 0x00, 0x00, 0x00 @ 080AEB30
	.byte 0x0e, 0x00, 0x00, 0x00, 0x00, 0x00, 0x00, 0x00, 0x00, 0x00, 0x00, 0x00, 0x00, 0x00, 0x00, 0x00 @ 080AEB40
	.byte 0x0b, 0x00, 0x00, 0x00, 0x03, 0x00, 0x00, 0x00, 0x00, 0x00, 0x00, 0x00, 0x00, 0x00, 0x00, 0x00 @ 080AEB50
	.byte 0x05, 0x00, 0x00, 0x00, 0xd8, 0x00, 0x00, 0x00, 0x0b, 0x00, 0x00, 0x00, 0x01, 0x00, 0x00, 0x00 @ 080AEB60
	.byte 0x0f, 0x00, 0x00, 0x00, 0x01, 0x00, 0x00, 0x00, 0x01, 0x00, 0x00, 0x00, 0x00, 0x00, 0x00, 0x00 @ 080AEB70
	.byte 0x0e, 0x00, 0x00, 0x00, 0x00, 0x00, 0x00, 0x00, 0x00, 0x00, 0x00, 0x00, 0x00, 0x00, 0x00, 0x00 @ 080AEB80
	.byte 0x18, 0x00, 0x00, 0x00, 0x00, 0x00, 0x00, 0x00, 0x00, 0x00, 0x00, 0x00, 0x00, 0x00, 0x00, 0x00 @ 080AEB90
	.byte 0x0f, 0x00, 0x00, 0x00, 0x01, 0x00, 0x00, 0x00, 0x02, 0x00, 0x00, 0x00, 0x00, 0x00, 0x00, 0x00 @ 080AEBA0
	.byte 0x0e, 0x00, 0x00, 0x00, 0x00, 0x00, 0x00, 0x00, 0x00, 0x00, 0x00, 0x00, 0x00, 0x00, 0x00, 0x00 @ 080AEBB0
	.byte 0x0b, 0x00, 0x00, 0x00, 0x05, 0x00, 0x00, 0x00, 0x00, 0x00, 0x00, 0x00, 0x00, 0x00, 0x00, 0x00 @ 080AEBC0
	.byte 0x09, 0x00, 0x00, 0x00, 0x00, 0x00, 0x00, 0x00, 0x00, 0x00, 0x00, 0x00, 0x00, 0x00, 0x00, 0x00 @ 080AEBD0
	.byte 0x0b, 0x00, 0x00, 0x00, 0x06, 0x00, 0x00, 0x00, 0x00, 0x00, 0x00, 0x00, 0x00, 0x00, 0x00, 0x00 @ 080AEBE0
	.byte 0x10, 0x00, 0x00, 0x00, 0x01, 0x00, 0x00, 0x00, 0x03, 0x00, 0x00, 0x00, 0x00, 0x00, 0x00, 0x00 @ 080AEBF0
	.byte 0x0e, 0x00, 0x00, 0x00, 0x00, 0x00, 0x00, 0x00, 0x00, 0x00, 0x00, 0x00, 0x00, 0x00, 0x00, 0x00 @ 080AEC00
	.byte 0x02, 0x00, 0x00, 0x00, 0x00, 0x00, 0x00, 0x00, 0x14, 0x00, 0x00, 0x00, 0x00, 0x00, 0x00, 0x00 @ 080AEC10
	.byte 0x02, 0x00, 0x00, 0x00, 0x01, 0x00, 0x00, 0x00, 0x24, 0x00, 0x00, 0x00, 0x00, 0x00, 0x00, 0x00 @ 080AEC20
	.byte 0x0e, 0x00, 0x00, 0x00, 0x00, 0x00, 0x00, 0x00, 0x00, 0x00, 0x00, 0x00, 0x00, 0x00, 0x00, 0x00 @ 080AEC30
	.byte 0x00, 0x00, 0x00, 0x00, 0x00, 0x00, 0x00, 0x00, 0x00, 0x00, 0x00, 0x00, 0x00, 0x00, 0x00, 0x00 @ 080AEC40
	.byte 0x0c, 0x00, 0x00, 0x00, 0x02, 0x00, 0x00, 0x00, 0x00, 0x00, 0x00, 0x00, 0x00, 0x00, 0x00, 0x00 @ 080AEC50
	.byte 0x0b, 0x00, 0x00, 0x00, 0x02, 0x00, 0x00, 0x00, 0x00, 0x00, 0x00, 0x00, 0x00, 0x00, 0x00, 0x00 @ 080AEC60
	.byte 0x0d, 0x00, 0x00, 0x00, 0x00, 0x00, 0x00, 0x00, 0xf4, 0x00, 0x00, 0x00, 0x0c, 0x00, 0x00, 0x00 @ 080AEC70
	.byte 0x0a, 0x00, 0x00, 0x00, 0x00, 0x00, 0x00, 0x00, 0x64, 0x04, 0x00, 0x00, 0x00, 0x00, 0x00, 0x00 @ 080AEC80
	.byte 0x0d, 0x00, 0x00, 0x00, 0x01, 0x00, 0x00, 0x00, 0x2c, 0x01, 0x00, 0x00, 0x14, 0x00, 0x00, 0x00 @ 080AEC90
	.byte 0x0a, 0x00, 0x00, 0x00, 0x01, 0x00, 0x00, 0x00, 0x6e, 0x04, 0x00, 0x00, 0x01, 0x00, 0x00, 0x00 @ 080AECA0
	.byte 0x01, 0x00, 0x00, 0x00, 0x01, 0x00, 0x00, 0x00, 0x24, 0x00, 0x00, 0x00, 0x00, 0x00, 0x00, 0x00 @ 080AECB0
	.byte 0x01, 0x00, 0x00, 0x00, 0x00, 0x00, 0x00, 0x00, 0x18, 0x00, 0x00, 0x00, 0x00, 0x00, 0x00, 0x00 @ 080AECC0
	.byte 0x0e, 0x00, 0x00, 0x00, 0x01, 0x00, 0x00, 0x00, 0x00, 0x00, 0x00, 0x00, 0x00, 0x00, 0x00, 0x00 @ 080AECD0
	.byte 0x0f, 0x00, 0x00, 0x00, 0x01, 0x00, 0x00, 0x00, 0x00, 0x00, 0x00, 0x00, 0x00, 0x00, 0x00, 0x00 @ 080AECE0
	.byte 0x0e, 0x00, 0x00, 0x00, 0x00, 0x00, 0x00, 0x00, 0x00, 0x00, 0x00, 0x00, 0x00, 0x00, 0x00, 0x00 @ 080AECF0
	.byte 0x0b, 0x00, 0x00, 0x00, 0x03, 0x00, 0x00, 0x00, 0x00, 0x00, 0x00, 0x00, 0x00, 0x00, 0x00, 0x00 @ 080AED00
	.byte 0x05, 0x00, 0x00, 0x00, 0xd8, 0x00, 0x00, 0x00, 0x0b, 0x00, 0x00, 0x00, 0x01, 0x00, 0x00, 0x00 @ 080AED10
	.byte 0x0f, 0x00, 0x00, 0x00, 0x01, 0x00, 0x00, 0x00, 0x01, 0x00, 0x00, 0x00, 0x00, 0x00, 0x00, 0x00 @ 080AED20
	.byte 0x0e, 0x00, 0x00, 0x00, 0x00, 0x00, 0x00, 0x00, 0x00, 0x00, 0x00, 0x00, 0x00, 0x00, 0x00, 0x00 @ 080AED30
	.byte 0x18, 0x00, 0x00, 0x00, 0x00, 0x00, 0x00, 0x00, 0x00, 0x00, 0x00, 0x00, 0x00, 0x00, 0x00, 0x00 @ 080AED40
	.byte 0x0f, 0x00, 0x00, 0x00, 0x01, 0x00, 0x00, 0x00, 0x02, 0x00, 0x00, 0x00, 0x00, 0x00, 0x00, 0x00 @ 080AED50
	.byte 0x0e, 0x00, 0x00, 0x00, 0x00, 0x00, 0x00, 0x00, 0x00, 0x00, 0x00, 0x00, 0x00, 0x00, 0x00, 0x00 @ 080AED60
	.byte 0x0b, 0x00, 0x00, 0x00, 0x05, 0x00, 0x00, 0x00, 0x00, 0x00, 0x00, 0x00, 0x00, 0x00, 0x00, 0x00 @ 080AED70
	.byte 0x09, 0x00, 0x00, 0x00, 0x00, 0x00, 0x00, 0x00, 0x00, 0x00, 0x00, 0x00, 0x00, 0x00, 0x00, 0x00 @ 080AED80
	.byte 0x0b, 0x00, 0x00, 0x00, 0x06, 0x00, 0x00, 0x00, 0x00, 0x00, 0x00, 0x00, 0x00, 0x00, 0x00, 0x00 @ 080AED90
	.byte 0x10, 0x00, 0x00, 0x00, 0x01, 0x00, 0x00, 0x00, 0x03, 0x00, 0x00, 0x00, 0x00, 0x00, 0x00, 0x00 @ 080AEDA0
	.byte 0x0e, 0x00, 0x00, 0x00, 0x00, 0x00, 0x00, 0x00, 0x00, 0x00, 0x00, 0x00, 0x00, 0x00, 0x00, 0x00 @ 080AEDB0
	.byte 0x02, 0x00, 0x00, 0x00, 0x00, 0x00, 0x00, 0x00, 0x14, 0x00, 0x00, 0x00, 0x00, 0x00, 0x00, 0x00 @ 080AEDC0
	.byte 0x02, 0x00, 0x00, 0x00, 0x01, 0x00, 0x00, 0x00, 0x24, 0x00, 0x00, 0x00, 0x00, 0x00, 0x00, 0x00 @ 080AEDD0
	.byte 0x0e, 0x00, 0x00, 0x00, 0x00, 0x00, 0x00, 0x00, 0x00, 0x00, 0x00, 0x00, 0x00, 0x00, 0x00, 0x00 @ 080AEDE0
	.byte 0x00, 0x00, 0x00, 0x00, 0x00, 0x00, 0x00, 0x00, 0x00, 0x00, 0x00, 0x00, 0x00, 0x00, 0x00, 0x00 @ 080AEDF0
	.byte 0x0c, 0x00, 0x00, 0x00, 0x02, 0x00, 0x00, 0x00, 0x00, 0x00, 0x00, 0x00, 0x00, 0x00, 0x00, 0x00 @ 080AEE00
	.byte 0x0b, 0x00, 0x00, 0x00, 0x02, 0x00, 0x00, 0x00, 0x00, 0x00, 0x00, 0x00, 0x00, 0x00, 0x00, 0x00 @ 080AEE10
	.byte 0x0d, 0x00, 0x00, 0x00, 0x00, 0x00, 0x00, 0x00, 0xf4, 0x00, 0x00, 0x00, 0x84, 0x00, 0x00, 0x00 @ 080AEE20
	.byte 0x0a, 0x00, 0x00, 0x00, 0x00, 0x00, 0x00, 0x00, 0x91, 0x04, 0x00, 0x00, 0x00, 0x00, 0x00, 0x00 @ 080AEE30
	.byte 0x0d, 0x00, 0x00, 0x00, 0x01, 0x00, 0x00, 0x00, 0x2c, 0x01, 0x00, 0x00, 0x8c, 0x00, 0x00, 0x00 @ 080AEE40
	.byte 0x0a, 0x00, 0x00, 0x00, 0x01, 0x00, 0x00, 0x00, 0x6e, 0x04, 0x00, 0x00, 0x01, 0x00, 0x00, 0x00 @ 080AEE50
	.byte 0x01, 0x00, 0x00, 0x00, 0x01, 0x00, 0x00, 0x00, 0x24, 0x00, 0x00, 0x00, 0x00, 0x00, 0x00, 0x00 @ 080AEE60
	.byte 0x01, 0x00, 0x00, 0x00, 0x00, 0x00, 0x00, 0x00, 0x18, 0x00, 0x00, 0x00, 0x00, 0x00, 0x00, 0x00 @ 080AEE70
	.byte 0x0e, 0x00, 0x00, 0x00, 0x01, 0x00, 0x00, 0x00, 0x00, 0x00, 0x00, 0x00, 0x00, 0x00, 0x00, 0x00 @ 080AEE80
	.byte 0x0f, 0x00, 0x00, 0x00, 0x01, 0x00, 0x00, 0x00, 0x00, 0x00, 0x00, 0x00, 0x00, 0x00, 0x00, 0x00 @ 080AEE90
	.byte 0x0e, 0x00, 0x00, 0x00, 0x00, 0x00, 0x00, 0x00, 0x00, 0x00, 0x00, 0x00, 0x00, 0x00, 0x00, 0x00 @ 080AEEA0
	.byte 0x0b, 0x00, 0x00, 0x00, 0x03, 0x00, 0x00, 0x00, 0x00, 0x00, 0x00, 0x00, 0x00, 0x00, 0x00, 0x00 @ 080AEEB0
	.byte 0x05, 0x00, 0x00, 0x00, 0xd8, 0x00, 0x00, 0x00, 0x83, 0x00, 0x00, 0x00, 0x01, 0x00, 0x00, 0x00 @ 080AEEC0
	.byte 0x0f, 0x00, 0x00, 0x00, 0x01, 0x00, 0x00, 0x00, 0x01, 0x00, 0x00, 0x00, 0x00, 0x00, 0x00, 0x00 @ 080AEED0
	.byte 0x0e, 0x00, 0x00, 0x00, 0x00, 0x00, 0x00, 0x00, 0x00, 0x00, 0x00, 0x00, 0x00, 0x00, 0x00, 0x00 @ 080AEEE0
	.byte 0x18, 0x00, 0x00, 0x00, 0x00, 0x00, 0x00, 0x00, 0x00, 0x00, 0x00, 0x00, 0x00, 0x00, 0x00, 0x00 @ 080AEEF0
	.byte 0x0f, 0x00, 0x00, 0x00, 0x01, 0x00, 0x00, 0x00, 0x02, 0x00, 0x00, 0x00, 0x00, 0x00, 0x00, 0x00 @ 080AEF00
	.byte 0x0e, 0x00, 0x00, 0x00, 0x00, 0x00, 0x00, 0x00, 0x00, 0x00, 0x00, 0x00, 0x00, 0x00, 0x00, 0x00 @ 080AEF10
	.byte 0x0b, 0x00, 0x00, 0x00, 0x05, 0x00, 0x00, 0x00, 0x00, 0x00, 0x00, 0x00, 0x00, 0x00, 0x00, 0x00 @ 080AEF20
	.byte 0x09, 0x00, 0x00, 0x00, 0x00, 0x00, 0x00, 0x00, 0x00, 0x00, 0x00, 0x00, 0x00, 0x00, 0x00, 0x00 @ 080AEF30
	.byte 0x0b, 0x00, 0x00, 0x00, 0x06, 0x00, 0x00, 0x00, 0x00, 0x00, 0x00, 0x00, 0x00, 0x00, 0x00, 0x00 @ 080AEF40
	.byte 0x10, 0x00, 0x00, 0x00, 0x01, 0x00, 0x00, 0x00, 0x03, 0x00, 0x00, 0x00, 0x00, 0x00, 0x00, 0x00 @ 080AEF50
	.byte 0x0e, 0x00, 0x00, 0x00, 0x00, 0x00, 0x00, 0x00, 0x00, 0x00, 0x00, 0x00, 0x00, 0x00, 0x00, 0x00 @ 080AEF60
	.byte 0x02, 0x00, 0x00, 0x00, 0x00, 0x00, 0x00, 0x00, 0x14, 0x00, 0x00, 0x00, 0x00, 0x00, 0x00, 0x00 @ 080AEF70
	.byte 0x02, 0x00, 0x00, 0x00, 0x01, 0x00, 0x00, 0x00, 0x24, 0x00, 0x00, 0x00, 0x00, 0x00, 0x00, 0x00 @ 080AEF80
	.byte 0x0e, 0x00, 0x00, 0x00, 0x00, 0x00, 0x00, 0x00, 0x00, 0x00, 0x00, 0x00, 0x00, 0x00, 0x00, 0x00 @ 080AEF90
	.byte 0x00, 0x00, 0x00, 0x00, 0x00, 0x00, 0x00, 0x00, 0x00, 0x00, 0x00, 0x00, 0x00, 0x00, 0x00, 0x00 @ 080AEFA0
	.byte 0x0c, 0x00, 0x00, 0x00, 0x02, 0x00, 0x00, 0x00, 0x00, 0x00, 0x00, 0x00, 0x00, 0x00, 0x00, 0x00 @ 080AEFB0
	.byte 0x0b, 0x00, 0x00, 0x00, 0x02, 0x00, 0x00, 0x00, 0x00, 0x00, 0x00, 0x00, 0x00, 0x00, 0x00, 0x00 @ 080AEFC0
	.byte 0x0d, 0x00, 0x00, 0x00, 0x00, 0x00, 0x00, 0x00, 0xf4, 0x00, 0x00, 0x00, 0x84, 0x00, 0x00, 0x00 @ 080AEFD0
	.byte 0x0a, 0x00, 0x00, 0x00, 0x00, 0x00, 0x00, 0x00, 0x92, 0x04, 0x00, 0x00, 0x00, 0x00, 0x00, 0x00 @ 080AEFE0
	.byte 0x0d, 0x00, 0x00, 0x00, 0x01, 0x00, 0x00, 0x00, 0x2c, 0x01, 0x00, 0x00, 0x8c, 0x00, 0x00, 0x00 @ 080AEFF0
	.byte 0x0a, 0x00, 0x00, 0x00, 0x01, 0x00, 0x00, 0x00, 0x6e, 0x04, 0x00, 0x00, 0x01, 0x00, 0x00, 0x00 @ 080AF000
	.byte 0x01, 0x00, 0x00, 0x00, 0x01, 0x00, 0x00, 0x00, 0x24, 0x00, 0x00, 0x00, 0x00, 0x00, 0x00, 0x00 @ 080AF010
	.byte 0x01, 0x00, 0x00, 0x00, 0x00, 0x00, 0x00, 0x00, 0x18, 0x00, 0x00, 0x00, 0x00, 0x00, 0x00, 0x00 @ 080AF020
	.byte 0x0e, 0x00, 0x00, 0x00, 0x01, 0x00, 0x00, 0x00, 0x00, 0x00, 0x00, 0x00, 0x00, 0x00, 0x00, 0x00 @ 080AF030
	.byte 0x0f, 0x00, 0x00, 0x00, 0x01, 0x00, 0x00, 0x00, 0x00, 0x00, 0x00, 0x00, 0x00, 0x00, 0x00, 0x00 @ 080AF040
	.byte 0x0e, 0x00, 0x00, 0x00, 0x00, 0x00, 0x00, 0x00, 0x00, 0x00, 0x00, 0x00, 0x00, 0x00, 0x00, 0x00 @ 080AF050
	.byte 0x0b, 0x00, 0x00, 0x00, 0x03, 0x00, 0x00, 0x00, 0x00, 0x00, 0x00, 0x00, 0x00, 0x00, 0x00, 0x00 @ 080AF060
	.byte 0x05, 0x00, 0x00, 0x00, 0xd8, 0x00, 0x00, 0x00, 0x83, 0x00, 0x00, 0x00, 0x01, 0x00, 0x00, 0x00 @ 080AF070
	.byte 0x0f, 0x00, 0x00, 0x00, 0x01, 0x00, 0x00, 0x00, 0x01, 0x00, 0x00, 0x00, 0x00, 0x00, 0x00, 0x00 @ 080AF080
	.byte 0x0e, 0x00, 0x00, 0x00, 0x00, 0x00, 0x00, 0x00, 0x00, 0x00, 0x00, 0x00, 0x00, 0x00, 0x00, 0x00 @ 080AF090
	.byte 0x18, 0x00, 0x00, 0x00, 0x00, 0x00, 0x00, 0x00, 0x00, 0x00, 0x00, 0x00, 0x00, 0x00, 0x00, 0x00 @ 080AF0A0
	.byte 0x0f, 0x00, 0x00, 0x00, 0x01, 0x00, 0x00, 0x00, 0x02, 0x00, 0x00, 0x00, 0x00, 0x00, 0x00, 0x00 @ 080AF0B0
	.byte 0x0e, 0x00, 0x00, 0x00, 0x00, 0x00, 0x00, 0x00, 0x00, 0x00, 0x00, 0x00, 0x00, 0x00, 0x00, 0x00 @ 080AF0C0
	.byte 0x0b, 0x00, 0x00, 0x00, 0x05, 0x00, 0x00, 0x00, 0x00, 0x00, 0x00, 0x00, 0x00, 0x00, 0x00, 0x00 @ 080AF0D0
	.byte 0x09, 0x00, 0x00, 0x00, 0x00, 0x00, 0x00, 0x00, 0x00, 0x00, 0x00, 0x00, 0x00, 0x00, 0x00, 0x00 @ 080AF0E0
	.byte 0x0b, 0x00, 0x00, 0x00, 0x06, 0x00, 0x00, 0x00, 0x00, 0x00, 0x00, 0x00, 0x00, 0x00, 0x00, 0x00 @ 080AF0F0
	.byte 0x10, 0x00, 0x00, 0x00, 0x01, 0x00, 0x00, 0x00, 0x03, 0x00, 0x00, 0x00, 0x00, 0x00, 0x00, 0x00 @ 080AF100
	.byte 0x0e, 0x00, 0x00, 0x00, 0x00, 0x00, 0x00, 0x00, 0x00, 0x00, 0x00, 0x00, 0x00, 0x00, 0x00, 0x00 @ 080AF110
	.byte 0x02, 0x00, 0x00, 0x00, 0x00, 0x00, 0x00, 0x00, 0x14, 0x00, 0x00, 0x00, 0x00, 0x00, 0x00, 0x00 @ 080AF120
	.byte 0x02, 0x00, 0x00, 0x00, 0x01, 0x00, 0x00, 0x00, 0x24, 0x00, 0x00, 0x00, 0x00, 0x00, 0x00, 0x00 @ 080AF130
	.byte 0x0e, 0x00, 0x00, 0x00, 0x00, 0x00, 0x00, 0x00, 0x00, 0x00, 0x00, 0x00, 0x00, 0x00, 0x00, 0x00 @ 080AF140
	.byte 0x00, 0x00, 0x00, 0x00, 0x00, 0x00, 0x00, 0x00, 0x00, 0x00, 0x00, 0x00, 0x00, 0x00, 0x00, 0x00 @ 080AF150
	.byte 0x0c, 0x00, 0x00, 0x00, 0x02, 0x00, 0x00, 0x00, 0x00, 0x00, 0x00, 0x00, 0x00, 0x00, 0x00, 0x00 @ 080AF160
	.byte 0x0b, 0x00, 0x00, 0x00, 0x02, 0x00, 0x00, 0x00, 0x00, 0x00, 0x00, 0x00, 0x00, 0x00, 0x00, 0x00 @ 080AF170
	.byte 0x0d, 0x00, 0x00, 0x00, 0x00, 0x00, 0x00, 0x00, 0xf4, 0x00, 0x00, 0x00, 0x0c, 0x00, 0x00, 0x00 @ 080AF180
	.byte 0x0a, 0x00, 0x00, 0x00, 0x00, 0x00, 0x00, 0x00, 0x93, 0x04, 0x00, 0x00, 0x00, 0x00, 0x00, 0x00 @ 080AF190
	.byte 0x0d, 0x00, 0x00, 0x00, 0x01, 0x00, 0x00, 0x00, 0x2c, 0x01, 0x00, 0x00, 0x14, 0x00, 0x00, 0x00 @ 080AF1A0
	.byte 0x0a, 0x00, 0x00, 0x00, 0x01, 0x00, 0x00, 0x00, 0x6e, 0x04, 0x00, 0x00, 0x01, 0x00, 0x00, 0x00 @ 080AF1B0
	.byte 0x01, 0x00, 0x00, 0x00, 0x01, 0x00, 0x00, 0x00, 0x24, 0x00, 0x00, 0x00, 0x00, 0x00, 0x00, 0x00 @ 080AF1C0
	.byte 0x01, 0x00, 0x00, 0x00, 0x00, 0x00, 0x00, 0x00, 0x18, 0x00, 0x00, 0x00, 0x00, 0x00, 0x00, 0x00 @ 080AF1D0
	.byte 0x0e, 0x00, 0x00, 0x00, 0x01, 0x00, 0x00, 0x00, 0x00, 0x00, 0x00, 0x00, 0x00, 0x00, 0x00, 0x00 @ 080AF1E0
	.byte 0x0f, 0x00, 0x00, 0x00, 0x01, 0x00, 0x00, 0x00, 0x00, 0x00, 0x00, 0x00, 0x00, 0x00, 0x00, 0x00 @ 080AF1F0
	.byte 0x0e, 0x00, 0x00, 0x00, 0x00, 0x00, 0x00, 0x00, 0x00, 0x00, 0x00, 0x00, 0x00, 0x00, 0x00, 0x00 @ 080AF200
	.byte 0x0b, 0x00, 0x00, 0x00, 0x03, 0x00, 0x00, 0x00, 0x00, 0x00, 0x00, 0x00, 0x00, 0x00, 0x00, 0x00 @ 080AF210
	.byte 0x05, 0x00, 0x00, 0x00, 0xd8, 0x00, 0x00, 0x00, 0x0b, 0x00, 0x00, 0x00, 0x01, 0x00, 0x00, 0x00 @ 080AF220
	.byte 0x0f, 0x00, 0x00, 0x00, 0x01, 0x00, 0x00, 0x00, 0x01, 0x00, 0x00, 0x00, 0x00, 0x00, 0x00, 0x00 @ 080AF230
	.byte 0x0e, 0x00, 0x00, 0x00, 0x00, 0x00, 0x00, 0x00, 0x00, 0x00, 0x00, 0x00, 0x00, 0x00, 0x00, 0x00 @ 080AF240
	.byte 0x18, 0x00, 0x00, 0x00, 0x00, 0x00, 0x00, 0x00, 0x00, 0x00, 0x00, 0x00, 0x00, 0x00, 0x00, 0x00 @ 080AF250
	.byte 0x0f, 0x00, 0x00, 0x00, 0x01, 0x00, 0x00, 0x00, 0x02, 0x00, 0x00, 0x00, 0x00, 0x00, 0x00, 0x00 @ 080AF260
	.byte 0x0e, 0x00, 0x00, 0x00, 0x00, 0x00, 0x00, 0x00, 0x00, 0x00, 0x00, 0x00, 0x00, 0x00, 0x00, 0x00 @ 080AF270
	.byte 0x0b, 0x00, 0x00, 0x00, 0x05, 0x00, 0x00, 0x00, 0x00, 0x00, 0x00, 0x00, 0x00, 0x00, 0x00, 0x00 @ 080AF280
	.byte 0x09, 0x00, 0x00, 0x00, 0x00, 0x00, 0x00, 0x00, 0x00, 0x00, 0x00, 0x00, 0x00, 0x00, 0x00, 0x00 @ 080AF290
	.byte 0x0b, 0x00, 0x00, 0x00, 0x06, 0x00, 0x00, 0x00, 0x00, 0x00, 0x00, 0x00, 0x00, 0x00, 0x00, 0x00 @ 080AF2A0
	.byte 0x10, 0x00, 0x00, 0x00, 0x01, 0x00, 0x00, 0x00, 0x03, 0x00, 0x00, 0x00, 0x00, 0x00, 0x00, 0x00 @ 080AF2B0
	.byte 0x0e, 0x00, 0x00, 0x00, 0x00, 0x00, 0x00, 0x00, 0x00, 0x00, 0x00, 0x00, 0x00, 0x00, 0x00, 0x00 @ 080AF2C0
	.byte 0x02, 0x00, 0x00, 0x00, 0x00, 0x00, 0x00, 0x00, 0x14, 0x00, 0x00, 0x00, 0x00, 0x00, 0x00, 0x00 @ 080AF2D0
	.byte 0x02, 0x00, 0x00, 0x00, 0x01, 0x00, 0x00, 0x00, 0x24, 0x00, 0x00, 0x00, 0x00, 0x00, 0x00, 0x00 @ 080AF2E0
	.byte 0x0e, 0x00, 0x00, 0x00, 0x00, 0x00, 0x00, 0x00, 0x00, 0x00, 0x00, 0x00, 0x00, 0x00, 0x00, 0x00 @ 080AF2F0
	.byte 0x00, 0x00, 0x00, 0x00, 0x00, 0x00, 0x00, 0x00, 0x00, 0x00, 0x00, 0x00, 0x00, 0x00, 0x00, 0x00 @ 080AF300
	.byte 0x1b, 0x00, 0x00, 0x00, 0xa0, 0x8e, 0x0a, 0x08, 0x1b, 0x00, 0x00, 0x00, 0x50, 0x90, 0x0a, 0x08 @ 080AF310
	.byte 0x1b, 0x00, 0x00, 0x00, 0xb0, 0x93, 0x0a, 0x08, 0x1b, 0x00, 0x00, 0x00, 0x60, 0x95, 0x0a, 0x08 @ 080AF320
	.byte 0x1b, 0x00, 0x00, 0x00, 0x10, 0x97, 0x0a, 0x08, 0x1b, 0x00, 0x00, 0x00, 0xc0, 0x98, 0x0a, 0x08 @ 080AF330
	.byte 0x1b, 0x00, 0x00, 0x00, 0x70, 0x9a, 0x0a, 0x08, 0x1b, 0x00, 0x00, 0x00, 0x00, 0x92, 0x0a, 0x08 @ 080AF340
	.byte 0x1b, 0x00, 0x00, 0x00, 0x90, 0xa2, 0x0a, 0x08, 0x1b, 0x00, 0x00, 0x00, 0x40, 0xa4, 0x0a, 0x08 @ 080AF350
	.byte 0x1b, 0x00, 0x00, 0x00, 0xf0, 0xa5, 0x0a, 0x08, 0x1b, 0x00, 0x00, 0x00, 0x20, 0x9c, 0x0a, 0x08 @ 080AF360
	.byte 0x1b, 0x00, 0x00, 0x00, 0xa0, 0xa7, 0x0a, 0x08, 0x1b, 0x00, 0x00, 0x00, 0x50, 0xa9, 0x0a, 0x08 @ 080AF370
	.byte 0x1b, 0x00, 0x00, 0x00, 0x00, 0xab, 0x0a, 0x08, 0x1b, 0x00, 0x00, 0x00, 0xb0, 0xac, 0x0a, 0x08 @ 080AF380
	.byte 0x1b, 0x00, 0x00, 0x00, 0x60, 0xae, 0x0a, 0x08, 0x1b, 0x00, 0x00, 0x00, 0x10, 0xb0, 0x0a, 0x08 @ 080AF390
	.byte 0x1b, 0x00, 0x00, 0x00, 0xc0, 0xb1, 0x0a, 0x08, 0x1b, 0x00, 0x00, 0x00, 0x70, 0xb3, 0x0a, 0x08 @ 080AF3A0
	.byte 0x1b, 0x00, 0x00, 0x00, 0x20, 0xb5, 0x0a, 0x08, 0x1b, 0x00, 0x00, 0x00, 0xd0, 0xb6, 0x0a, 0x08 @ 080AF3B0
	.byte 0x1b, 0x00, 0x00, 0x00, 0x80, 0xb8, 0x0a, 0x08, 0x1b, 0x00, 0x00, 0x00, 0x30, 0xba, 0x0a, 0x08 @ 080AF3C0
	.byte 0x1b, 0x00, 0x00, 0x00, 0xe0, 0xbb, 0x0a, 0x08, 0x1b, 0x00, 0x00, 0x00, 0x90, 0xbd, 0x0a, 0x08 @ 080AF3D0
	.byte 0x1b, 0x00, 0x00, 0x00, 0x40, 0xbf, 0x0a, 0x08, 0x1b, 0x00, 0x00, 0x00, 0xf0, 0xc0, 0x0a, 0x08 @ 080AF3E0
	.byte 0x1b, 0x00, 0x00, 0x00, 0xa0, 0xc2, 0x0a, 0x08, 0x1b, 0x00, 0x00, 0x00, 0x50, 0xc4, 0x0a, 0x08 @ 080AF3F0
	.byte 0x1b, 0x00, 0x00, 0x00, 0x00, 0xc6, 0x0a, 0x08, 0x1b, 0x00, 0x00, 0x00, 0x60, 0xc9, 0x0a, 0x08 @ 080AF400
	.byte 0x1b, 0x00, 0x00, 0x00, 0x10, 0xcb, 0x0a, 0x08, 0x1b, 0x00, 0x00, 0x00, 0xc0, 0xcc, 0x0a, 0x08 @ 080AF410
	.byte 0x1b, 0x00, 0x00, 0x00, 0x70, 0xce, 0x0a, 0x08, 0x1b, 0x00, 0x00, 0x00, 0x20, 0xd0, 0x0a, 0x08 @ 080AF420
	.byte 0x13, 0x00, 0x00, 0x00, 0xd0, 0xd1, 0x0a, 0x08, 0x1b, 0x00, 0x00, 0x00, 0x00, 0xd3, 0x0a, 0x08 @ 080AF430
	.byte 0x1b, 0x00, 0x00, 0x00, 0xb0, 0xd4, 0x0a, 0x08, 0x1b, 0x00, 0x00, 0x00, 0x60, 0xd6, 0x0a, 0x08 @ 080AF440
	.byte 0x1b, 0x00, 0x00, 0x00, 0x10, 0xd8, 0x0a, 0x08, 0x1b, 0x00, 0x00, 0x00, 0xc0, 0xd9, 0x0a, 0x08 @ 080AF450
	.byte 0x1b, 0x00, 0x00, 0x00, 0x70, 0xdb, 0x0a, 0x08, 0x1b, 0x00, 0x00, 0x00, 0x20, 0xdd, 0x0a, 0x08 @ 080AF460
	.byte 0x1b, 0x00, 0x00, 0x00, 0xd0, 0xde, 0x0a, 0x08, 0x1b, 0x00, 0x00, 0x00, 0x80, 0xe0, 0x0a, 0x08 @ 080AF470
	.byte 0x1b, 0x00, 0x00, 0x00, 0x30, 0xe2, 0x0a, 0x08, 0x1b, 0x00, 0x00, 0x00, 0xe0, 0xe3, 0x0a, 0x08 @ 080AF480
	.byte 0x1b, 0x00, 0x00, 0x00, 0x90, 0xe5, 0x0a, 0x08, 0x1b, 0x00, 0x00, 0x00, 0x40, 0xe7, 0x0a, 0x08 @ 080AF490
	.byte 0x1b, 0x00, 0x00, 0x00, 0xf0, 0xe8, 0x0a, 0x08, 0x1b, 0x00, 0x00, 0x00, 0xa0, 0xea, 0x0a, 0x08 @ 080AF4A0
	.byte 0x1b, 0x00, 0x00, 0x00, 0x50, 0xec, 0x0a, 0x08, 0x1b, 0x00, 0x00, 0x00, 0x00, 0xee, 0x0a, 0x08 @ 080AF4B0
	.byte 0x1b, 0x00, 0x00, 0x00, 0xb0, 0xef, 0x0a, 0x08, 0x1b, 0x00, 0x00, 0x00, 0x60, 0xf1, 0x0a, 0x08 @ 080AF4C0
	.byte 0x11, 0x00, 0x00, 0x00, 0xd0, 0x9d, 0x0a, 0x08, 0x15, 0x00, 0x00, 0x00, 0xf0, 0x9f, 0x0a, 0x08 @ 080AF4D0
	.byte 0x11, 0x00, 0x00, 0x00, 0xe0, 0x9e, 0x0a, 0x08, 0x15, 0x00, 0x00, 0x00, 0x40, 0xa1, 0x0a, 0x08 @ 080AF4E0
	
	.global dword_80AF4F0
dword_80AF4F0:
	.byte 0x04, 0x00, 0x00, 0x00, 0x03, 0x01, 0x00, 0x00, 0x02, 0x02, 0x00, 0x00, 0x01, 0x03, 0x00, 0x00 @ 080AF4F0
